Dataset,#TrainingRelease,%training,%Defective_in_training,%Defective_in_testing,Classifier,Feature_Selection,Balancing,Sensitivity,TP,FP,TN,FN,Precision,Recall,AUC,Kappa
BOOKKEEPER,1,15.824357912178955,11.764705882352942,14.747307373653687,RandomForest,NoFilter,NoSampling,NoCostSensitive,167.0,168.0,5.0,11.0,0.49850746268656715,0.9382022471910112,0.7205137364421641,-0.03332072430636658
BOOKKEEPER,1,15.824357912178955,11.764705882352942,14.747307373653687,RandomForest,NoFilter,NoSampling,SensitiveThreshold,178.0,173.0,0.0,0.0,0.5071225071225072,1.0,0.5,0.0
BOOKKEEPER,1,15.824357912178955,11.764705882352942,14.747307373653687,RandomForest,NoFilter,NoSampling,SensitiveLearning,178.0,173.0,0.0,0.0,0.5071225071225072,1.0,0.7084984087809314,0.0
BOOKKEEPER,1,15.824357912178955,11.764705882352942,14.747307373653687,RandomForest,NoFilter,UnderSampling,NoCostSensitive,0.0,0.0,173.0,178.0,0.0,0.0,0.44523283756575954,0.0
BOOKKEEPER,1,15.824357912178955,11.764705882352942,14.747307373653687,RandomForest,NoFilter,UnderSampling,SensitiveThreshold,98.0,102.0,71.0,80.0,0.49,0.550561797752809,0.4804832110151328,-0.03910341910927502
BOOKKEEPER,1,15.824357912178955,11.764705882352942,14.747307373653687,RandomForest,NoFilter,UnderSampling,SensitiveLearning,0.0,0.0,173.0,178.0,0.0,0.0,0.6860914463856596,0.0
BOOKKEEPER,1,15.824357912178955,11.764705882352942,14.747307373653687,RandomForest,NoFilter,OverSampling,NoCostSensitive,144.0,85.0,88.0,34.0,0.62882096069869,0.8089887640449438,0.7316685068519841,0.3189799944564915
BOOKKEEPER,1,15.824357912178955,11.764705882352942,14.747307373653687,RandomForest,NoFilter,OverSampling,SensitiveThreshold,178.0,173.0,0.0,0.0,0.5071225071225072,1.0,0.5,0.0
BOOKKEEPER,1,15.824357912178955,11.764705882352942,14.747307373653687,RandomForest,NoFilter,OverSampling,SensitiveLearning,154.0,152.0,21.0,24.0,0.5032679738562091,0.8651685393258427,0.5684386568812106,-0.013585351447135161
BOOKKEEPER,1,15.824357912178955,11.764705882352942,14.747307373653687,RandomForest,NoFilter,SMOTESampling,NoCostSensitive,153.0,112.0,61.0,25.0,0.5773584905660377,0.8595505617977528,0.7314411898421771,0.21366081794842443
BOOKKEEPER,1,15.824357912178955,11.764705882352942,14.747307373653687,RandomForest,NoFilter,SMOTESampling,SensitiveThreshold,178.0,173.0,0.0,0.0,0.5071225071225072,1.0,0.5,0.0
BOOKKEEPER,1,15.824357912178955,11.764705882352942,14.747307373653687,RandomForest,NoFilter,SMOTESampling,SensitiveLearning,177.0,173.0,0.0,1.0,0.5057142857142857,0.9943820224719101,0.5976651295706956,-0.005697536556448542
BOOKKEEPER,1,15.824357912178955,11.764705882352942,14.747307373653687,RandomForest,BestFirstFilter,NoSampling,NoCostSensitive,168.0,104.0,69.0,10.0,0.6176470588235294,0.9438202247191011,0.6911573683185036,0.3452992571746459
BOOKKEEPER,1,15.824357912178955,11.764705882352942,14.747307373653687,RandomForest,BestFirstFilter,NoSampling,SensitiveThreshold,175.0,145.0,28.0,3.0,0.546875,0.9831460674157303,0.5724978891991946,0.1466868162554618
BOOKKEEPER,1,15.824357912178955,11.764705882352942,14.747307373653687,RandomForest,BestFirstFilter,NoSampling,SensitiveLearning,178.0,157.0,16.0,0.0,0.5313432835820896,1.0,0.7229655127622264,0.09367958817821471
BOOKKEEPER,1,15.824357912178955,11.764705882352942,14.747307373653687,RandomForest,BestFirstFilter,UnderSampling,NoCostSensitive,3.0,10.0,163.0,175.0,0.23076923076923078,0.016853932584269662,0.3683185036045983,-0.04040824828160796
BOOKKEEPER,1,15.824357912178955,11.764705882352942,14.747307373653687,RandomForest,BestFirstFilter,UnderSampling,SensitiveThreshold,55.0,95.0,78.0,123.0,0.36666666666666664,0.3089887640449438,0.3799279080340326,-0.239599533437014
BOOKKEEPER,1,15.824357912178955,11.764705882352942,14.747307373653687,RandomForest,BestFirstFilter,UnderSampling,SensitiveLearning,71.0,22.0,151.0,107.0,0.7634408602150538,0.398876404494382,0.7339741508085991,0.26984664505829414
BOOKKEEPER,1,15.824357912178955,11.764705882352942,14.747307373653687,RandomForest,BestFirstFilter,OverSampling,NoCostSensitive,162.0,103.0,70.0,16.0,0.6113207547169811,0.9101123595505618,0.6994219653179191,0.31697545500629554
BOOKKEEPER,1,15.824357912178955,11.764705882352942,14.747307373653687,RandomForest,BestFirstFilter,OverSampling,SensitiveThreshold,172.0,135.0,38.0,6.0,0.5602605863192183,0.9662921348314607,0.592972657011106,0.18791329603071721
BOOKKEEPER,1,15.824357912178955,11.764705882352942,14.747307373653687,RandomForest,BestFirstFilter,OverSampling,SensitiveLearning,175.0,173.0,0.0,3.0,0.5028735632183908,0.9831460674157303,0.5167240371500942,-0.0170897955151635
BOOKKEEPER,1,15.824357912178955,11.764705882352942,14.747307373653687,RandomForest,BestFirstFilter,SMOTESampling,NoCostSensitive,161.0,102.0,71.0,17.0,0.6121673003802282,0.9044943820224719,0.705023705916737,0.3170871278387259
BOOKKEEPER,1,15.824357912178955,11.764705882352942,14.747307373653687,RandomForest,BestFirstFilter,SMOTESampling,SensitiveThreshold,175.0,143.0,30.0,3.0,0.550314465408805,0.9831460674157303,0.5782782360200039,0.15835632636972793
BOOKKEEPER,1,15.824357912178955,11.764705882352942,14.747307373653687,RandomForest,BestFirstFilter,SMOTESampling,SensitiveLearning,178.0,173.0,0.0,0.0,0.5071225071225072,1.0,0.45590050009742156,0.0
BOOKKEEPER,1,15.824357912178955,11.764705882352942,14.747307373653687,NaiveBayes,NoFilter,NoSampling,NoCostSensitive,136.0,99.0,74.0,42.0,0.5787234042553191,0.7640449438202247,0.66613626031045,0.1926822504608258
BOOKKEEPER,1,15.824357912178955,11.764705882352942,14.747307373653687,NaiveBayes,NoFilter,NoSampling,SensitiveThreshold,178.0,172.0,1.0,0.0,0.5085714285714286,1.0,0.5028901734104047,0.005862205243050899
BOOKKEEPER,1,15.824357912178955,11.764705882352942,14.747307373653687,NaiveBayes,NoFilter,NoSampling,SensitiveLearning,178.0,172.0,1.0,0.0,0.5085714285714286,1.0,0.66613626031045,0.005862205243050899
BOOKKEEPER,1,15.824357912178955,11.764705882352942,14.747307373653687,NaiveBayes,NoFilter,UnderSampling,NoCostSensitive,38.0,68.0,105.0,140.0,0.3584905660377358,0.21348314606741572,0.35182178346431126,-0.1785368373474527
BOOKKEEPER,1,15.824357912178955,11.764705882352942,14.747307373653687,NaiveBayes,NoFilter,UnderSampling,SensitiveThreshold,38.0,68.0,105.0,140.0,0.3584905660377358,0.21348314606741572,0.41020978112619344,-0.1785368373474527
BOOKKEEPER,1,15.824357912178955,11.764705882352942,14.747307373653687,NaiveBayes,NoFilter,UnderSampling,SensitiveLearning,98.0,38.0,135.0,80.0,0.7205882352941176,0.550561797752809,0.727625511463272,0.3297841354089129
BOOKKEEPER,1,15.824357912178955,11.764705882352942,14.747307373653687,NaiveBayes,NoFilter,OverSampling,NoCostSensitive,135.0,85.0,88.0,43.0,0.6136363636363636,0.7584269662921348,0.6699519386893551,0.2680113395679235
BOOKKEEPER,1,15.824357912178955,11.764705882352942,14.747307373653687,NaiveBayes,NoFilter,OverSampling,SensitiveThreshold,178.0,171.0,2.0,0.0,0.5100286532951289,1.0,0.5057803468208093,0.011723445243936412
BOOKKEEPER,1,15.824357912178955,11.764705882352942,14.747307373653687,NaiveBayes,NoFilter,OverSampling,SensitiveLearning,153.0,141.0,32.0,25.0,0.5204081632653061,0.8595505617977528,0.5950347470286419,0.04494492525570427
BOOKKEEPER,1,15.824357912178955,11.764705882352942,14.747307373653687,NaiveBayes,NoFilter,SMOTESampling,NoCostSensitive,135.0,86.0,87.0,43.0,0.6108597285067874,0.7584269662921348,0.673524063129181,0.2622325778436772
BOOKKEEPER,1,15.824357912178955,11.764705882352942,14.747307373653687,NaiveBayes,NoFilter,SMOTESampling,SensitiveThreshold,163.0,149.0,24.0,15.0,0.5224358974358975,0.9157303370786517,0.5272293303890369,0.05505761843790002
BOOKKEEPER,1,15.824357912178955,11.764705882352942,14.747307373653687,NaiveBayes,NoFilter,SMOTESampling,SensitiveLearning,163.0,167.0,6.0,15.0,0.49393939393939396,0.9157303370786517,0.598850425407547,-0.05020714144801746
BOOKKEEPER,1,15.824357912178955,11.764705882352942,14.747307373653687,NaiveBayes,BestFirstFilter,NoSampling,NoCostSensitive,136.0,99.0,74.0,42.0,0.5787234042553191,0.7640449438202247,0.66613626031045,0.1926822504608258
BOOKKEEPER,1,15.824357912178955,11.764705882352942,14.747307373653687,NaiveBayes,BestFirstFilter,NoSampling,SensitiveThreshold,178.0,172.0,1.0,0.0,0.5085714285714286,1.0,0.5028901734104047,0.005862205243050899
BOOKKEEPER,1,15.824357912178955,11.764705882352942,14.747307373653687,NaiveBayes,BestFirstFilter,NoSampling,SensitiveLearning,178.0,172.0,1.0,0.0,0.5085714285714286,1.0,0.66613626031045,0.005862205243050899
BOOKKEEPER,1,15.824357912178955,11.764705882352942,14.747307373653687,NaiveBayes,BestFirstFilter,UnderSampling,NoCostSensitive,38.0,68.0,105.0,140.0,0.3584905660377358,0.21348314606741572,0.35182178346431126,-0.1785368373474527
BOOKKEEPER,1,15.824357912178955,11.764705882352942,14.747307373653687,NaiveBayes,BestFirstFilter,UnderSampling,SensitiveThreshold,38.0,68.0,105.0,140.0,0.3584905660377358,0.21348314606741572,0.41020978112619344,-0.1785368373474527
BOOKKEEPER,1,15.824357912178955,11.764705882352942,14.747307373653687,NaiveBayes,BestFirstFilter,UnderSampling,SensitiveLearning,98.0,38.0,135.0,80.0,0.7205882352941176,0.550561797752809,0.727625511463272,0.3297841354089129
BOOKKEEPER,1,15.824357912178955,11.764705882352942,14.747307373653687,NaiveBayes,BestFirstFilter,OverSampling,NoCostSensitive,135.0,85.0,88.0,43.0,0.6136363636363636,0.7584269662921348,0.6699519386893551,0.2680113395679235
BOOKKEEPER,1,15.824357912178955,11.764705882352942,14.747307373653687,NaiveBayes,BestFirstFilter,OverSampling,SensitiveThreshold,178.0,171.0,2.0,0.0,0.5100286532951289,1.0,0.5057803468208093,0.011723445243936412
BOOKKEEPER,1,15.824357912178955,11.764705882352942,14.747307373653687,NaiveBayes,BestFirstFilter,OverSampling,SensitiveLearning,153.0,141.0,32.0,25.0,0.5204081632653061,0.8595505617977528,0.5950347470286419,0.04494492525570427
BOOKKEEPER,1,15.824357912178955,11.764705882352942,14.747307373653687,NaiveBayes,BestFirstFilter,SMOTESampling,NoCostSensitive,135.0,86.0,87.0,43.0,0.6108597285067874,0.7584269662921348,0.673524063129181,0.2622325778436772
BOOKKEEPER,1,15.824357912178955,11.764705882352942,14.747307373653687,NaiveBayes,BestFirstFilter,SMOTESampling,SensitiveThreshold,163.0,149.0,24.0,15.0,0.5224358974358975,0.9157303370786517,0.5272293303890369,0.05505761843790002
BOOKKEEPER,1,15.824357912178955,11.764705882352942,14.747307373653687,NaiveBayes,BestFirstFilter,SMOTESampling,SensitiveLearning,163.0,167.0,6.0,15.0,0.49393939393939396,0.9157303370786517,0.598850425407547,-0.05020714144801746
BOOKKEEPER,1,15.824357912178955,11.764705882352942,14.747307373653687,IBk,NoFilter,NoSampling,NoCostSensitive,164.0,108.0,65.0,14.0,0.6029411764705882,0.9213483146067416,0.6458725725790738,0.2993553453974279
BOOKKEEPER,1,15.824357912178955,11.764705882352942,14.747307373653687,IBk,NoFilter,NoSampling,SensitiveThreshold,164.0,108.0,65.0,14.0,0.6029411764705882,0.9213483146067416,0.6485354289796713,0.2993553453974279
BOOKKEEPER,1,15.824357912178955,11.764705882352942,14.747307373653687,IBk,NoFilter,NoSampling,SensitiveLearning,164.0,108.0,65.0,14.0,0.6029411764705882,0.9213483146067416,0.6458725725790738,0.2993553453974279
BOOKKEEPER,1,15.824357912178955,11.764705882352942,14.747307373653687,IBk,NoFilter,UnderSampling,NoCostSensitive,45.0,70.0,103.0,133.0,0.391304347826087,0.25280898876404495,0.4240923556536988,-0.15104276044779733
BOOKKEEPER,1,15.824357912178955,11.764705882352942,14.747307373653687,IBk,NoFilter,UnderSampling,SensitiveThreshold,178.0,173.0,0.0,0.0,0.5071225071225072,1.0,0.5,0.0
BOOKKEEPER,1,15.824357912178955,11.764705882352942,14.747307373653687,IBk,NoFilter,UnderSampling,SensitiveLearning,67.0,67.0,106.0,111.0,0.5,0.37640449438202245,0.4945606286939014,-0.010840020709293288
BOOKKEEPER,1,15.824357912178955,11.764705882352942,14.747307373653687,IBk,NoFilter,OverSampling,NoCostSensitive,163.0,108.0,65.0,15.0,0.6014760147601476,0.9157303370786517,0.6302364096901993,0.29367014053629575
BOOKKEEPER,1,15.824357912178955,11.764705882352942,14.747307373653687,IBk,NoFilter,OverSampling,SensitiveThreshold,163.0,108.0,65.0,15.0,0.6014760147601476,0.9157303370786517,0.6457264402156264,0.29367014053629575
BOOKKEEPER,1,15.824357912178955,11.764705882352942,14.747307373653687,IBk,NoFilter,OverSampling,SensitiveLearning,173.0,167.0,6.0,5.0,0.5088235294117647,0.9719101123595506,0.44297590439696044,0.006680048701832951
BOOKKEEPER,1,15.824357912178955,11.764705882352942,14.747307373653687,IBk,NoFilter,SMOTESampling,NoCostSensitive,156.0,101.0,72.0,22.0,0.6070038910505836,0.8764044943820225,0.6437617717737222,0.29447812658310596
BOOKKEEPER,1,15.824357912178955,11.764705882352942,14.747307373653687,IBk,NoFilter,SMOTESampling,SensitiveThreshold,156.0,101.0,72.0,22.0,0.6070038910505836,0.8764044943820225,0.6462947327401442,0.29447812658310596
BOOKKEEPER,1,15.824357912178955,11.764705882352942,14.747307373653687,IBk,NoFilter,SMOTESampling,SensitiveLearning,173.0,161.0,12.0,5.0,0.5179640718562875,0.9719101123595506,0.45161395076963046,0.041803710038152884
BOOKKEEPER,1,15.824357912178955,11.764705882352942,14.747307373653687,IBk,BestFirstFilter,NoSampling,NoCostSensitive,164.0,108.0,65.0,14.0,0.6029411764705882,0.9213483146067416,0.6458725725790738,0.2993553453974279
BOOKKEEPER,1,15.824357912178955,11.764705882352942,14.747307373653687,IBk,BestFirstFilter,NoSampling,SensitiveThreshold,164.0,108.0,65.0,14.0,0.6029411764705882,0.9213483146067416,0.6485354289796713,0.2993553453974279
BOOKKEEPER,1,15.824357912178955,11.764705882352942,14.747307373653687,IBk,BestFirstFilter,NoSampling,SensitiveLearning,164.0,108.0,65.0,14.0,0.6029411764705882,0.9213483146067416,0.6458725725790738,0.2993553453974279
BOOKKEEPER,1,15.824357912178955,11.764705882352942,14.747307373653687,IBk,BestFirstFilter,UnderSampling,NoCostSensitive,45.0,70.0,103.0,133.0,0.391304347826087,0.25280898876404495,0.4240923556536988,-0.15104276044779733
BOOKKEEPER,1,15.824357912178955,11.764705882352942,14.747307373653687,IBk,BestFirstFilter,UnderSampling,SensitiveThreshold,178.0,173.0,0.0,0.0,0.5071225071225072,1.0,0.5,0.0
BOOKKEEPER,1,15.824357912178955,11.764705882352942,14.747307373653687,IBk,BestFirstFilter,UnderSampling,SensitiveLearning,67.0,67.0,106.0,111.0,0.5,0.37640449438202245,0.4945606286939014,-0.010840020709293288
BOOKKEEPER,1,15.824357912178955,11.764705882352942,14.747307373653687,IBk,BestFirstFilter,OverSampling,NoCostSensitive,163.0,108.0,65.0,15.0,0.6014760147601476,0.9157303370786517,0.6302364096901993,0.29367014053629575
BOOKKEEPER,1,15.824357912178955,11.764705882352942,14.747307373653687,IBk,BestFirstFilter,OverSampling,SensitiveThreshold,163.0,108.0,65.0,15.0,0.6014760147601476,0.9157303370786517,0.6457264402156264,0.29367014053629575
BOOKKEEPER,1,15.824357912178955,11.764705882352942,14.747307373653687,IBk,BestFirstFilter,OverSampling,SensitiveLearning,173.0,167.0,6.0,5.0,0.5088235294117647,0.9719101123595506,0.44297590439696044,0.006680048701832951
BOOKKEEPER,1,15.824357912178955,11.764705882352942,14.747307373653687,IBk,BestFirstFilter,SMOTESampling,NoCostSensitive,156.0,101.0,72.0,22.0,0.6070038910505836,0.8764044943820225,0.6437617717737222,0.29447812658310596
BOOKKEEPER,1,15.824357912178955,11.764705882352942,14.747307373653687,IBk,BestFirstFilter,SMOTESampling,SensitiveThreshold,156.0,101.0,72.0,22.0,0.6070038910505836,0.8764044943820225,0.6462947327401442,0.29447812658310596
BOOKKEEPER,1,15.824357912178955,11.764705882352942,14.747307373653687,IBk,BestFirstFilter,SMOTESampling,SensitiveLearning,173.0,161.0,12.0,5.0,0.5179640718562875,0.9719101123595506,0.45161395076963046,0.041803710038152884
BOOKKEEPER,2,44.90472245236123,26.51201325600663,7.456503728251864,RandomForest,NoFilter,NoSampling,NoCostSensitive,65.0,14.0,146.0,25.0,0.8227848101265823,0.7222222222222222,0.7780555555555555,0.6521584017124509
BOOKKEEPER,2,44.90472245236123,26.51201325600663,7.456503728251864,RandomForest,NoFilter,NoSampling,SensitiveThreshold,90.0,160.0,0.0,0.0,0.36,1.0,0.5,0.0
BOOKKEEPER,2,44.90472245236123,26.51201325600663,7.456503728251864,RandomForest,NoFilter,NoSampling,SensitiveLearning,90.0,160.0,0.0,0.0,0.36,1.0,0.8336805555555555,0.0
BOOKKEEPER,2,44.90472245236123,26.51201325600663,7.456503728251864,RandomForest,NoFilter,UnderSampling,NoCostSensitive,0.0,0.0,160.0,90.0,0.0,0.0,0.5485416666666667,0.0
BOOKKEEPER,2,44.90472245236123,26.51201325600663,7.456503728251864,RandomForest,NoFilter,UnderSampling,SensitiveThreshold,68.0,156.0,4.0,22.0,0.30357142857142855,0.7555555555555555,0.3902777777777778,-0.1655316919853327
BOOKKEEPER,2,44.90472245236123,26.51201325600663,7.456503728251864,RandomForest,NoFilter,UnderSampling,SensitiveLearning,0.0,0.0,160.0,90.0,0.0,0.0,0.42399305555555555,0.0
BOOKKEEPER,2,44.90472245236123,26.51201325600663,7.456503728251864,RandomForest,NoFilter,OverSampling,NoCostSensitive,56.0,13.0,147.0,34.0,0.8115942028985508,0.6222222222222222,0.7579166666666667,0.570069520673253
BOOKKEEPER,2,44.90472245236123,26.51201325600663,7.456503728251864,RandomForest,NoFilter,OverSampling,SensitiveThreshold,86.0,160.0,0.0,4.0,0.34959349593495936,0.9555555555555556,0.4777777777777778,-0.0322255790533737
BOOKKEEPER,2,44.90472245236123,26.51201325600663,7.456503728251864,RandomForest,NoFilter,OverSampling,SensitiveLearning,74.0,10.0,150.0,16.0,0.8809523809523809,0.8222222222222222,0.9364583333333333,0.7709654686398874
BOOKKEEPER,2,44.90472245236123,26.51201325600663,7.456503728251864,RandomForest,NoFilter,SMOTESampling,NoCostSensitive,51.0,12.0,148.0,39.0,0.8095238095238095,0.5666666666666667,0.7506944444444444,0.5261984392419177
BOOKKEEPER,2,44.90472245236123,26.51201325600663,7.456503728251864,RandomForest,NoFilter,SMOTESampling,SensitiveThreshold,83.0,160.0,0.0,7.0,0.34156378600823045,0.9222222222222223,0.46111111111111114,-0.056694507719564635
BOOKKEEPER,2,44.90472245236123,26.51201325600663,7.456503728251864,RandomForest,NoFilter,SMOTESampling,SensitiveLearning,88.0,160.0,0.0,2.0,0.3548387096774194,0.9777777777777777,0.9311805555555556,-0.016056196688409477
BOOKKEEPER,2,44.90472245236123,26.51201325600663,7.456503728251864,RandomForest,BestFirstFilter,NoSampling,NoCostSensitive,62.0,80.0,80.0,28.0,0.43661971830985913,0.6888888888888889,0.6300694444444445,0.16769420468557328
BOOKKEEPER,2,44.90472245236123,26.51201325600663,7.456503728251864,RandomForest,BestFirstFilter,NoSampling,SensitiveThreshold,90.0,156.0,4.0,0.0,0.36585365853658536,1.0,0.5125,0.01812688821752262
BOOKKEEPER,2,44.90472245236123,26.51201325600663,7.456503728251864,RandomForest,BestFirstFilter,NoSampling,SensitiveLearning,90.0,160.0,0.0,0.0,0.36,1.0,0.6756597222222223,0.0
BOOKKEEPER,2,44.90472245236123,26.51201325600663,7.456503728251864,RandomForest,BestFirstFilter,UnderSampling,NoCostSensitive,8.0,35.0,125.0,82.0,0.18604651162790697,0.08888888888888889,0.5148958333333333,-0.14660917287338301
BOOKKEEPER,2,44.90472245236123,26.51201325600663,7.456503728251864,RandomForest,BestFirstFilter,UnderSampling,SensitiveThreshold,61.0,156.0,4.0,29.0,0.28110599078341014,0.6777777777777778,0.35138888888888886,-0.22711594587423714
BOOKKEEPER,2,44.90472245236123,26.51201325600663,7.456503728251864,RandomForest,BestFirstFilter,UnderSampling,SensitiveLearning,71.0,152.0,8.0,19.0,0.3183856502242152,0.7888888888888889,0.4235069444444444,-0.12175282078194694
BOOKKEEPER,2,44.90472245236123,26.51201325600663,7.456503728251864,RandomForest,BestFirstFilter,OverSampling,NoCostSensitive,54.0,80.0,80.0,36.0,0.40298507462686567,0.6,0.5264583333333334,0.09033877038895861
BOOKKEEPER,2,44.90472245236123,26.51201325600663,7.456503728251864,RandomForest,BestFirstFilter,OverSampling,SensitiveThreshold,83.0,141.0,19.0,7.0,0.3705357142857143,0.9222222222222223,0.5204861111111111,0.030906233630172787
BOOKKEEPER,2,44.90472245236123,26.51201325600663,7.456503728251864,RandomForest,BestFirstFilter,OverSampling,SensitiveLearning,87.0,133.0,27.0,3.0,0.39545454545454545,0.9666666666666667,0.6849305555555556,0.1029023746701847
BOOKKEEPER,2,44.90472245236123,26.51201325600663,7.456503728251864,RandomForest,BestFirstFilter,SMOTESampling,NoCostSensitive,55.0,71.0,89.0,35.0,0.4365079365079365,0.6111111111111112,0.6437152777777778,0.1538952745849297
BOOKKEEPER,2,44.90472245236123,26.51201325600663,7.456503728251864,RandomForest,BestFirstFilter,SMOTESampling,SensitiveThreshold,89.0,140.0,20.0,1.0,0.388646288209607,0.9888888888888889,0.5569444444444445,0.0851284713210485
BOOKKEEPER,2,44.90472245236123,26.51201325600663,7.456503728251864,RandomForest,BestFirstFilter,SMOTESampling,SensitiveLearning,90.0,137.0,23.0,0.0,0.3964757709251101,1.0,0.7412847222222222,0.10784058348528267
BOOKKEEPER,2,44.90472245236123,26.51201325600663,7.456503728251864,NaiveBayes,NoFilter,NoSampling,NoCostSensitive,6.0,7.0,153.0,84.0,0.46153846153846156,0.06666666666666667,0.8819444444444444,0.028193079880393032
BOOKKEEPER,2,44.90472245236123,26.51201325600663,7.456503728251864,NaiveBayes,NoFilter,NoSampling,SensitiveThreshold,90.0,25.0,135.0,0.0,0.782608695652174,1.0,0.921875,0.7954173486088381
BOOKKEEPER,2,44.90472245236123,26.51201325600663,7.456503728251864,NaiveBayes,NoFilter,NoSampling,SensitiveLearning,90.0,25.0,135.0,0.0,0.782608695652174,1.0,0.8819444444444444,0.7954173486088381
BOOKKEEPER,2,44.90472245236123,26.51201325600663,7.456503728251864,NaiveBayes,NoFilter,UnderSampling,NoCostSensitive,27.0,57.0,103.0,63.0,0.32142857142857145,0.3,0.7199652777777777,-0.05708245243128951
BOOKKEEPER,2,44.90472245236123,26.51201325600663,7.456503728251864,NaiveBayes,NoFilter,UnderSampling,SensitiveThreshold,27.0,57.0,103.0,63.0,0.32142857142857145,0.3,0.471875,-0.05708245243128951
BOOKKEEPER,2,44.90472245236123,26.51201325600663,7.456503728251864,NaiveBayes,NoFilter,UnderSampling,SensitiveLearning,88.0,153.0,7.0,2.0,0.3651452282157676,0.9777777777777777,0.4033333333333333,0.015748031496062968
BOOKKEEPER,2,44.90472245236123,26.51201325600663,7.456503728251864,NaiveBayes,NoFilter,OverSampling,NoCostSensitive,11.0,8.0,152.0,79.0,0.5789473684210527,0.12222222222222222,0.8784375,0.08728493495593784
BOOKKEEPER,2,44.90472245236123,26.51201325600663,7.456503728251864,NaiveBayes,NoFilter,OverSampling,SensitiveThreshold,39.0,19.0,141.0,51.0,0.6724137931034483,0.43333333333333335,0.6572916666666667,0.34111445783132527
BOOKKEEPER,2,44.90472245236123,26.51201325600663,7.456503728251864,NaiveBayes,NoFilter,OverSampling,SensitiveLearning,18.0,5.0,155.0,72.0,0.782608695652174,0.2,0.9061111111111111,0.2015761094981334
BOOKKEEPER,2,44.90472245236123,26.51201325600663,7.456503728251864,NaiveBayes,NoFilter,SMOTESampling,NoCostSensitive,6.0,7.0,153.0,84.0,0.46153846153846156,0.06666666666666667,0.8732638888888888,0.028193079880393032
BOOKKEEPER,2,44.90472245236123,26.51201325600663,7.456503728251864,NaiveBayes,NoFilter,SMOTESampling,SensitiveThreshold,29.0,12.0,148.0,61.0,0.7073170731707317,0.32222222222222224,0.6236111111111111,0.28064643279463913
BOOKKEEPER,2,44.90472245236123,26.51201325600663,7.456503728251864,NaiveBayes,NoFilter,SMOTESampling,SensitiveLearning,26.0,13.0,147.0,64.0,0.6666666666666666,0.28888888888888886,0.8392708333333333,0.23701942132382078
BOOKKEEPER,2,44.90472245236123,26.51201325600663,7.456503728251864,NaiveBayes,BestFirstFilter,NoSampling,NoCostSensitive,6.0,7.0,153.0,84.0,0.46153846153846156,0.06666666666666667,0.8819444444444444,0.028193079880393032
BOOKKEEPER,2,44.90472245236123,26.51201325600663,7.456503728251864,NaiveBayes,BestFirstFilter,NoSampling,SensitiveThreshold,90.0,25.0,135.0,0.0,0.782608695652174,1.0,0.921875,0.7954173486088381
BOOKKEEPER,2,44.90472245236123,26.51201325600663,7.456503728251864,NaiveBayes,BestFirstFilter,NoSampling,SensitiveLearning,90.0,25.0,135.0,0.0,0.782608695652174,1.0,0.8819444444444444,0.7954173486088381
BOOKKEEPER,2,44.90472245236123,26.51201325600663,7.456503728251864,NaiveBayes,BestFirstFilter,UnderSampling,NoCostSensitive,27.0,57.0,103.0,63.0,0.32142857142857145,0.3,0.7199652777777777,-0.05708245243128951
BOOKKEEPER,2,44.90472245236123,26.51201325600663,7.456503728251864,NaiveBayes,BestFirstFilter,UnderSampling,SensitiveThreshold,27.0,57.0,103.0,63.0,0.32142857142857145,0.3,0.471875,-0.05708245243128951
BOOKKEEPER,2,44.90472245236123,26.51201325600663,7.456503728251864,NaiveBayes,BestFirstFilter,UnderSampling,SensitiveLearning,88.0,153.0,7.0,2.0,0.3651452282157676,0.9777777777777777,0.4033333333333333,0.015748031496062968
BOOKKEEPER,2,44.90472245236123,26.51201325600663,7.456503728251864,NaiveBayes,BestFirstFilter,OverSampling,NoCostSensitive,11.0,8.0,152.0,79.0,0.5789473684210527,0.12222222222222222,0.8784375,0.08728493495593784
BOOKKEEPER,2,44.90472245236123,26.51201325600663,7.456503728251864,NaiveBayes,BestFirstFilter,OverSampling,SensitiveThreshold,39.0,19.0,141.0,51.0,0.6724137931034483,0.43333333333333335,0.6572916666666667,0.34111445783132527
BOOKKEEPER,2,44.90472245236123,26.51201325600663,7.456503728251864,NaiveBayes,BestFirstFilter,OverSampling,SensitiveLearning,18.0,5.0,155.0,72.0,0.782608695652174,0.2,0.9061111111111111,0.2015761094981334
BOOKKEEPER,2,44.90472245236123,26.51201325600663,7.456503728251864,NaiveBayes,BestFirstFilter,SMOTESampling,NoCostSensitive,6.0,7.0,153.0,84.0,0.46153846153846156,0.06666666666666667,0.8732638888888888,0.028193079880393032
BOOKKEEPER,2,44.90472245236123,26.51201325600663,7.456503728251864,NaiveBayes,BestFirstFilter,SMOTESampling,SensitiveThreshold,29.0,12.0,148.0,61.0,0.7073170731707317,0.32222222222222224,0.6236111111111111,0.28064643279463913
BOOKKEEPER,2,44.90472245236123,26.51201325600663,7.456503728251864,NaiveBayes,BestFirstFilter,SMOTESampling,SensitiveLearning,26.0,13.0,147.0,64.0,0.6666666666666666,0.28888888888888886,0.8392708333333333,0.23701942132382078
BOOKKEEPER,2,44.90472245236123,26.51201325600663,7.456503728251864,IBk,NoFilter,NoSampling,NoCostSensitive,30.0,86.0,74.0,60.0,0.25862068965517243,0.3333333333333333,0.40625,-0.19203135205747876
BOOKKEEPER,2,44.90472245236123,26.51201325600663,7.456503728251864,IBk,NoFilter,NoSampling,SensitiveThreshold,30.0,86.0,74.0,60.0,0.25862068965517243,0.3333333333333333,0.39791666666666664,-0.19203135205747876
BOOKKEEPER,2,44.90472245236123,26.51201325600663,7.456503728251864,IBk,NoFilter,NoSampling,SensitiveLearning,30.0,86.0,74.0,60.0,0.25862068965517243,0.3333333333333333,0.40625,-0.19203135205747876
BOOKKEEPER,2,44.90472245236123,26.51201325600663,7.456503728251864,IBk,NoFilter,UnderSampling,NoCostSensitive,71.0,18.0,142.0,19.0,0.797752808988764,0.7888888888888889,0.8381944444444445,0.6780368952314653
BOOKKEEPER,2,44.90472245236123,26.51201325600663,7.456503728251864,IBk,NoFilter,UnderSampling,SensitiveThreshold,90.0,160.0,0.0,0.0,0.36,1.0,0.5,0.0
BOOKKEEPER,2,44.90472245236123,26.51201325600663,7.456503728251864,IBk,NoFilter,UnderSampling,SensitiveLearning,85.0,153.0,7.0,5.0,0.35714285714285715,0.9444444444444444,0.49409722222222224,-0.00868232890704801
BOOKKEEPER,2,44.90472245236123,26.51201325600663,7.456503728251864,IBk,NoFilter,OverSampling,NoCostSensitive,26.0,79.0,81.0,64.0,0.24761904761904763,0.28888888888888886,0.3604861111111111,-0.1976549413735343
BOOKKEEPER,2,44.90472245236123,26.51201325600663,7.456503728251864,IBk,NoFilter,OverSampling,SensitiveThreshold,26.0,90.0,70.0,64.0,0.22413793103448276,0.28888888888888886,0.36319444444444443,-0.2573481384715871
BOOKKEEPER,2,44.90472245236123,26.51201325600663,7.456503728251864,IBk,NoFilter,OverSampling,SensitiveLearning,83.0,141.0,19.0,7.0,0.3705357142857143,0.9222222222222223,0.6219097222222222,0.030906233630172787
BOOKKEEPER,2,44.90472245236123,26.51201325600663,7.456503728251864,IBk,NoFilter,SMOTESampling,NoCostSensitive,29.0,70.0,90.0,61.0,0.29292929292929293,0.32222222222222224,0.44871527777777775,-0.11281005776418633
BOOKKEEPER,2,44.90472245236123,26.51201325600663,7.456503728251864,IBk,NoFilter,SMOTESampling,SensitiveThreshold,29.0,70.0,90.0,61.0,0.29292929292929293,0.32222222222222224,0.4423611111111111,-0.11281005776418633
BOOKKEEPER,2,44.90472245236123,26.51201325600663,7.456503728251864,IBk,NoFilter,SMOTESampling,SensitiveLearning,38.0,141.0,19.0,52.0,0.2122905027932961,0.4222222222222222,0.24788194444444445,-0.37739080787896095
BOOKKEEPER,2,44.90472245236123,26.51201325600663,7.456503728251864,IBk,BestFirstFilter,NoSampling,NoCostSensitive,30.0,86.0,74.0,60.0,0.25862068965517243,0.3333333333333333,0.40625,-0.19203135205747876
BOOKKEEPER,2,44.90472245236123,26.51201325600663,7.456503728251864,IBk,BestFirstFilter,NoSampling,SensitiveThreshold,30.0,86.0,74.0,60.0,0.25862068965517243,0.3333333333333333,0.39791666666666664,-0.19203135205747876
BOOKKEEPER,2,44.90472245236123,26.51201325600663,7.456503728251864,IBk,BestFirstFilter,NoSampling,SensitiveLearning,30.0,86.0,74.0,60.0,0.25862068965517243,0.3333333333333333,0.40625,-0.19203135205747876
BOOKKEEPER,2,44.90472245236123,26.51201325600663,7.456503728251864,IBk,BestFirstFilter,UnderSampling,NoCostSensitive,71.0,18.0,142.0,19.0,0.797752808988764,0.7888888888888889,0.8381944444444445,0.6780368952314653
BOOKKEEPER,2,44.90472245236123,26.51201325600663,7.456503728251864,IBk,BestFirstFilter,UnderSampling,SensitiveThreshold,90.0,160.0,0.0,0.0,0.36,1.0,0.5,0.0
BOOKKEEPER,2,44.90472245236123,26.51201325600663,7.456503728251864,IBk,BestFirstFilter,UnderSampling,SensitiveLearning,85.0,153.0,7.0,5.0,0.35714285714285715,0.9444444444444444,0.49409722222222224,-0.00868232890704801
BOOKKEEPER,2,44.90472245236123,26.51201325600663,7.456503728251864,IBk,BestFirstFilter,OverSampling,NoCostSensitive,26.0,79.0,81.0,64.0,0.24761904761904763,0.28888888888888886,0.3604861111111111,-0.1976549413735343
BOOKKEEPER,2,44.90472245236123,26.51201325600663,7.456503728251864,IBk,BestFirstFilter,OverSampling,SensitiveThreshold,26.0,90.0,70.0,64.0,0.22413793103448276,0.28888888888888886,0.36319444444444443,-0.2573481384715871
BOOKKEEPER,2,44.90472245236123,26.51201325600663,7.456503728251864,IBk,BestFirstFilter,OverSampling,SensitiveLearning,83.0,141.0,19.0,7.0,0.3705357142857143,0.9222222222222223,0.6219097222222222,0.030906233630172787
BOOKKEEPER,2,44.90472245236123,26.51201325600663,7.456503728251864,IBk,BestFirstFilter,SMOTESampling,NoCostSensitive,29.0,70.0,90.0,61.0,0.29292929292929293,0.32222222222222224,0.44871527777777775,-0.11281005776418633
BOOKKEEPER,2,44.90472245236123,26.51201325600663,7.456503728251864,IBk,BestFirstFilter,SMOTESampling,SensitiveThreshold,29.0,70.0,90.0,61.0,0.29292929292929293,0.32222222222222224,0.4423611111111111,-0.11281005776418633
BOOKKEEPER,2,44.90472245236123,26.51201325600663,7.456503728251864,IBk,BestFirstFilter,SMOTESampling,SensitiveLearning,38.0,141.0,19.0,52.0,0.2122905027932961,0.4222222222222222,0.24788194444444445,-0.37739080787896095
BOOKKEEPER,3,65.61723280861641,33.96851698425849,5.633802816901408,RandomForest,NoFilter,NoSampling,NoCostSensitive,60.0,21.0,36.0,8.0,0.7407407407407407,0.8823529411764706,0.7776057791537667,0.5235904849520305
BOOKKEEPER,3,65.61723280861641,33.96851698425849,5.633802816901408,RandomForest,NoFilter,NoSampling,SensitiveThreshold,68.0,57.0,0.0,0.0,0.544,1.0,0.5,0.0
BOOKKEEPER,3,65.61723280861641,33.96851698425849,5.633802816901408,RandomForest,NoFilter,NoSampling,SensitiveLearning,68.0,57.0,0.0,0.0,0.544,1.0,0.7959236326109391,0.0
BOOKKEEPER,3,65.61723280861641,33.96851698425849,5.633802816901408,RandomForest,NoFilter,UnderSampling,NoCostSensitive,0.0,0.0,57.0,68.0,0.0,0.0,0.3685500515995872,0.0
BOOKKEEPER,3,65.61723280861641,33.96851698425849,5.633802816901408,RandomForest,NoFilter,UnderSampling,SensitiveThreshold,68.0,57.0,0.0,0.0,0.544,1.0,0.5,0.0
BOOKKEEPER,3,65.61723280861641,33.96851698425849,5.633802816901408,RandomForest,NoFilter,UnderSampling,SensitiveLearning,0.0,0.0,57.0,68.0,0.0,0.0,0.5069659442724458,0.0
BOOKKEEPER,3,65.61723280861641,33.96851698425849,5.633802816901408,RandomForest,NoFilter,OverSampling,NoCostSensitive,58.0,23.0,34.0,10.0,0.7160493827160493,0.8529411764705882,0.7551599587203303,0.45787882770403465
BOOKKEEPER,3,65.61723280861641,33.96851698425849,5.633802816901408,RandomForest,NoFilter,OverSampling,SensitiveThreshold,68.0,57.0,0.0,0.0,0.544,1.0,0.5,0.0
BOOKKEEPER,3,65.61723280861641,33.96851698425849,5.633802816901408,RandomForest,NoFilter,OverSampling,SensitiveLearning,62.0,33.0,24.0,6.0,0.6526315789473685,0.9117647058823529,0.7956656346749226,0.34607645875251497
BOOKKEEPER,3,65.61723280861641,33.96851698425849,5.633802816901408,RandomForest,NoFilter,SMOTESampling,NoCostSensitive,54.0,19.0,38.0,14.0,0.7397260273972602,0.7941176470588235,0.7703818369453045,0.4640769130830194
BOOKKEEPER,3,65.61723280861641,33.96851698425849,5.633802816901408,RandomForest,NoFilter,SMOTESampling,SensitiveThreshold,68.0,56.0,1.0,0.0,0.5483870967741935,1.0,0.5087719298245614,0.01905829596412566
BOOKKEEPER,3,65.61723280861641,33.96851698425849,5.633802816901408,RandomForest,NoFilter,SMOTESampling,SensitiveLearning,66.0,55.0,2.0,2.0,0.5454545454545454,0.9705882352941176,0.7662538699690402,0.006137536615985582
BOOKKEEPER,3,65.61723280861641,33.96851698425849,5.633802816901408,RandomForest,BestFirstFilter,NoSampling,NoCostSensitive,60.0,30.0,27.0,8.0,0.6666666666666666,0.8823529411764706,0.7485810113519091,0.36750998668442064
BOOKKEEPER,3,65.61723280861641,33.96851698425849,5.633802816901408,RandomForest,BestFirstFilter,NoSampling,SensitiveThreshold,68.0,36.0,21.0,0.0,0.6538461538461539,1.0,0.6842105263157895,0.38825448613376823
BOOKKEEPER,3,65.61723280861641,33.96851698425849,5.633802816901408,RandomForest,BestFirstFilter,NoSampling,SensitiveLearning,68.0,36.0,21.0,0.0,0.6538461538461539,1.0,0.7261351909184727,0.38825448613376823
BOOKKEEPER,3,65.61723280861641,33.96851698425849,5.633802816901408,RandomForest,BestFirstFilter,UnderSampling,NoCostSensitive,68.0,57.0,0.0,0.0,0.544,1.0,0.5,0.0
BOOKKEEPER,3,65.61723280861641,33.96851698425849,5.633802816901408,RandomForest,BestFirstFilter,UnderSampling,SensitiveThreshold,68.0,57.0,0.0,0.0,0.544,1.0,0.5,0.0
BOOKKEEPER,3,65.61723280861641,33.96851698425849,5.633802816901408,RandomForest,BestFirstFilter,UnderSampling,SensitiveLearning,63.0,19.0,38.0,5.0,0.7682926829268293,0.9264705882352942,0.7965686274509803,0.6051592524348514
BOOKKEEPER,3,65.61723280861641,33.96851698425849,5.633802816901408,RandomForest,BestFirstFilter,OverSampling,NoCostSensitive,61.0,19.0,38.0,7.0,0.7625,0.8970588235294118,0.7688338493292054,0.573490813648294
BOOKKEEPER,3,65.61723280861641,33.96851698425849,5.633802816901408,RandomForest,BestFirstFilter,OverSampling,SensitiveThreshold,67.0,36.0,21.0,1.0,0.6504854368932039,0.9852941176470589,0.6768575851393189,0.3722003529252069
BOOKKEEPER,3,65.61723280861641,33.96851698425849,5.633802816901408,RandomForest,BestFirstFilter,OverSampling,SensitiveLearning,63.0,33.0,24.0,5.0,0.65625,0.9264705882352942,0.7152992776057792,0.3619022031166038
BOOKKEEPER,3,65.61723280861641,33.96851698425849,5.633802816901408,RandomForest,BestFirstFilter,SMOTESampling,NoCostSensitive,53.0,29.0,28.0,15.0,0.6463414634146342,0.7794117647058824,0.7364551083591331,0.27612529613056075
BOOKKEEPER,3,65.61723280861641,33.96851698425849,5.633802816901408,RandomForest,BestFirstFilter,SMOTESampling,SensitiveThreshold,67.0,36.0,21.0,1.0,0.6504854368932039,0.9852941176470589,0.6768575851393189,0.3722003529252069
BOOKKEEPER,3,65.61723280861641,33.96851698425849,5.633802816901408,RandomForest,BestFirstFilter,SMOTESampling,SensitiveLearning,67.0,33.0,24.0,1.0,0.67,0.9852941176470589,0.6866615067079463,0.42567567567567566
BOOKKEEPER,3,65.61723280861641,33.96851698425849,5.633802816901408,NaiveBayes,NoFilter,NoSampling,NoCostSensitive,68.0,57.0,0.0,0.0,0.544,1.0,0.8740970072239422,0.0
BOOKKEEPER,3,65.61723280861641,33.96851698425849,5.633802816901408,NaiveBayes,NoFilter,NoSampling,SensitiveThreshold,68.0,57.0,0.0,0.0,0.544,1.0,0.5,0.0
BOOKKEEPER,3,65.61723280861641,33.96851698425849,5.633802816901408,NaiveBayes,NoFilter,NoSampling,SensitiveLearning,68.0,57.0,0.0,0.0,0.544,1.0,0.8740970072239422,0.0
BOOKKEEPER,3,65.61723280861641,33.96851698425849,5.633802816901408,NaiveBayes,NoFilter,UnderSampling,NoCostSensitive,68.0,57.0,0.0,0.0,0.544,1.0,0.5,0.0
BOOKKEEPER,3,65.61723280861641,33.96851698425849,5.633802816901408,NaiveBayes,NoFilter,UnderSampling,SensitiveThreshold,68.0,57.0,0.0,0.0,0.544,1.0,0.5,0.0
BOOKKEEPER,3,65.61723280861641,33.96851698425849,5.633802816901408,NaiveBayes,NoFilter,UnderSampling,SensitiveLearning,49.0,17.0,40.0,19.0,0.7424242424242424,0.7205882352941176,0.7818627450980392,0.42114741445845116
BOOKKEEPER,3,65.61723280861641,33.96851698425849,5.633802816901408,NaiveBayes,NoFilter,OverSampling,NoCostSensitive,67.0,57.0,0.0,1.0,0.5403225806451613,0.9852941176470589,0.8740970072239422,-0.015975336322869887
BOOKKEEPER,3,65.61723280861641,33.96851698425849,5.633802816901408,NaiveBayes,NoFilter,OverSampling,SensitiveThreshold,68.0,57.0,0.0,0.0,0.544,1.0,0.5,0.0
BOOKKEEPER,3,65.61723280861641,33.96851698425849,5.633802816901408,NaiveBayes,NoFilter,OverSampling,SensitiveLearning,64.0,15.0,42.0,4.0,0.810126582278481,0.9411764705882353,0.8574561403508771,0.6887694928580789
BOOKKEEPER,3,65.61723280861641,33.96851698425849,5.633802816901408,NaiveBayes,NoFilter,SMOTESampling,NoCostSensitive,43.0,2.0,55.0,25.0,0.9555555555555556,0.6323529411764706,0.8737100103199175,0.5783885071830107
BOOKKEEPER,3,65.61723280861641,33.96851698425849,5.633802816901408,NaiveBayes,NoFilter,SMOTESampling,SensitiveThreshold,68.0,57.0,0.0,0.0,0.544,1.0,0.5,0.0
BOOKKEEPER,3,65.61723280861641,33.96851698425849,5.633802816901408,NaiveBayes,NoFilter,SMOTESampling,SensitiveLearning,68.0,57.0,0.0,0.0,0.544,1.0,0.8728070175438597,0.0
BOOKKEEPER,3,65.61723280861641,33.96851698425849,5.633802816901408,NaiveBayes,BestFirstFilter,NoSampling,NoCostSensitive,68.0,57.0,0.0,0.0,0.544,1.0,0.8740970072239422,0.0
BOOKKEEPER,3,65.61723280861641,33.96851698425849,5.633802816901408,NaiveBayes,BestFirstFilter,NoSampling,SensitiveThreshold,68.0,57.0,0.0,0.0,0.544,1.0,0.5,0.0
BOOKKEEPER,3,65.61723280861641,33.96851698425849,5.633802816901408,NaiveBayes,BestFirstFilter,NoSampling,SensitiveLearning,68.0,57.0,0.0,0.0,0.544,1.0,0.8740970072239422,0.0
BOOKKEEPER,3,65.61723280861641,33.96851698425849,5.633802816901408,NaiveBayes,BestFirstFilter,UnderSampling,NoCostSensitive,68.0,57.0,0.0,0.0,0.544,1.0,0.5,0.0
BOOKKEEPER,3,65.61723280861641,33.96851698425849,5.633802816901408,NaiveBayes,BestFirstFilter,UnderSampling,SensitiveThreshold,68.0,57.0,0.0,0.0,0.544,1.0,0.5,0.0
BOOKKEEPER,3,65.61723280861641,33.96851698425849,5.633802816901408,NaiveBayes,BestFirstFilter,UnderSampling,SensitiveLearning,49.0,17.0,40.0,19.0,0.7424242424242424,0.7205882352941176,0.7818627450980392,0.42114741445845116
BOOKKEEPER,3,65.61723280861641,33.96851698425849,5.633802816901408,NaiveBayes,BestFirstFilter,OverSampling,NoCostSensitive,67.0,57.0,0.0,1.0,0.5403225806451613,0.9852941176470589,0.8740970072239422,-0.015975336322869887
BOOKKEEPER,3,65.61723280861641,33.96851698425849,5.633802816901408,NaiveBayes,BestFirstFilter,OverSampling,SensitiveThreshold,68.0,57.0,0.0,0.0,0.544,1.0,0.5,0.0
BOOKKEEPER,3,65.61723280861641,33.96851698425849,5.633802816901408,NaiveBayes,BestFirstFilter,OverSampling,SensitiveLearning,64.0,15.0,42.0,4.0,0.810126582278481,0.9411764705882353,0.8574561403508771,0.6887694928580789
BOOKKEEPER,3,65.61723280861641,33.96851698425849,5.633802816901408,NaiveBayes,BestFirstFilter,SMOTESampling,NoCostSensitive,43.0,2.0,55.0,25.0,0.9555555555555556,0.6323529411764706,0.8737100103199175,0.5783885071830107
BOOKKEEPER,3,65.61723280861641,33.96851698425849,5.633802816901408,NaiveBayes,BestFirstFilter,SMOTESampling,SensitiveThreshold,68.0,57.0,0.0,0.0,0.544,1.0,0.5,0.0
BOOKKEEPER,3,65.61723280861641,33.96851698425849,5.633802816901408,NaiveBayes,BestFirstFilter,SMOTESampling,SensitiveLearning,68.0,57.0,0.0,0.0,0.544,1.0,0.8728070175438597,0.0
BOOKKEEPER,3,65.61723280861641,33.96851698425849,5.633802816901408,IBk,NoFilter,NoSampling,NoCostSensitive,60.0,33.0,24.0,8.0,0.6451612903225806,0.8823529411764706,0.7211042311661506,0.3145646649725826
BOOKKEEPER,3,65.61723280861641,33.96851698425849,5.633802816901408,IBk,NoFilter,NoSampling,SensitiveThreshold,67.0,36.0,21.0,1.0,0.6504854368932039,0.9852941176470589,0.6768575851393189,0.3722003529252069
BOOKKEEPER,3,65.61723280861641,33.96851698425849,5.633802816901408,IBk,NoFilter,NoSampling,SensitiveLearning,67.0,36.0,21.0,1.0,0.6504854368932039,0.9852941176470589,0.7176212590299278,0.3722003529252069
BOOKKEEPER,3,65.61723280861641,33.96851698425849,5.633802816901408,IBk,NoFilter,UnderSampling,NoCostSensitive,68.0,57.0,0.0,0.0,0.544,1.0,0.5,0.0
BOOKKEEPER,3,65.61723280861641,33.96851698425849,5.633802816901408,IBk,NoFilter,UnderSampling,SensitiveThreshold,68.0,57.0,0.0,0.0,0.544,1.0,0.5,0.0
BOOKKEEPER,3,65.61723280861641,33.96851698425849,5.633802816901408,IBk,NoFilter,UnderSampling,SensitiveLearning,63.0,19.0,38.0,5.0,0.7682926829268293,0.9264705882352942,0.7965686274509803,0.6051592524348514
BOOKKEEPER,3,65.61723280861641,33.96851698425849,5.633802816901408,IBk,NoFilter,OverSampling,NoCostSensitive,54.0,19.0,38.0,14.0,0.7397260273972602,0.7941176470588235,0.7569659442724458,0.4640769130830194
BOOKKEEPER,3,65.61723280861641,33.96851698425849,5.633802816901408,IBk,NoFilter,OverSampling,SensitiveThreshold,67.0,36.0,21.0,1.0,0.6504854368932039,0.9852941176470589,0.6768575851393189,0.3722003529252069
BOOKKEEPER,3,65.61723280861641,33.96851698425849,5.633802816901408,IBk,NoFilter,OverSampling,SensitiveLearning,63.0,33.0,24.0,5.0,0.65625,0.9264705882352942,0.6359649122807017,0.3619022031166038
BOOKKEEPER,3,65.61723280861641,33.96851698425849,5.633802816901408,IBk,NoFilter,SMOTESampling,NoCostSensitive,56.0,29.0,28.0,12.0,0.6588235294117647,0.8235294117647058,0.7230392156862745,0.3225380039656313
BOOKKEEPER,3,65.61723280861641,33.96851698425849,5.633802816901408,IBk,NoFilter,SMOTESampling,SensitiveThreshold,67.0,36.0,21.0,1.0,0.6504854368932039,0.9852941176470589,0.6768575851393189,0.3722003529252069
BOOKKEEPER,3,65.61723280861641,33.96851698425849,5.633802816901408,IBk,NoFilter,SMOTESampling,SensitiveLearning,67.0,36.0,21.0,1.0,0.6504854368932039,0.9852941176470589,0.5647574819401445,0.3722003529252069
BOOKKEEPER,3,65.61723280861641,33.96851698425849,5.633802816901408,IBk,BestFirstFilter,NoSampling,NoCostSensitive,60.0,33.0,24.0,8.0,0.6451612903225806,0.8823529411764706,0.7211042311661506,0.3145646649725826
BOOKKEEPER,3,65.61723280861641,33.96851698425849,5.633802816901408,IBk,BestFirstFilter,NoSampling,SensitiveThreshold,67.0,36.0,21.0,1.0,0.6504854368932039,0.9852941176470589,0.6768575851393189,0.3722003529252069
BOOKKEEPER,3,65.61723280861641,33.96851698425849,5.633802816901408,IBk,BestFirstFilter,NoSampling,SensitiveLearning,67.0,36.0,21.0,1.0,0.6504854368932039,0.9852941176470589,0.7176212590299278,0.3722003529252069
BOOKKEEPER,3,65.61723280861641,33.96851698425849,5.633802816901408,IBk,BestFirstFilter,UnderSampling,NoCostSensitive,68.0,57.0,0.0,0.0,0.544,1.0,0.5,0.0
BOOKKEEPER,3,65.61723280861641,33.96851698425849,5.633802816901408,IBk,BestFirstFilter,UnderSampling,SensitiveThreshold,68.0,57.0,0.0,0.0,0.544,1.0,0.5,0.0
BOOKKEEPER,3,65.61723280861641,33.96851698425849,5.633802816901408,IBk,BestFirstFilter,UnderSampling,SensitiveLearning,63.0,19.0,38.0,5.0,0.7682926829268293,0.9264705882352942,0.7965686274509803,0.6051592524348514
BOOKKEEPER,3,65.61723280861641,33.96851698425849,5.633802816901408,IBk,BestFirstFilter,OverSampling,NoCostSensitive,54.0,19.0,38.0,14.0,0.7397260273972602,0.7941176470588235,0.7569659442724458,0.4640769130830194
BOOKKEEPER,3,65.61723280861641,33.96851698425849,5.633802816901408,IBk,BestFirstFilter,OverSampling,SensitiveThreshold,67.0,36.0,21.0,1.0,0.6504854368932039,0.9852941176470589,0.6768575851393189,0.3722003529252069
BOOKKEEPER,3,65.61723280861641,33.96851698425849,5.633802816901408,IBk,BestFirstFilter,OverSampling,SensitiveLearning,63.0,33.0,24.0,5.0,0.65625,0.9264705882352942,0.6359649122807017,0.3619022031166038
BOOKKEEPER,3,65.61723280861641,33.96851698425849,5.633802816901408,IBk,BestFirstFilter,SMOTESampling,NoCostSensitive,56.0,29.0,28.0,12.0,0.6588235294117647,0.8235294117647058,0.7230392156862745,0.3225380039656313
BOOKKEEPER,3,65.61723280861641,33.96851698425849,5.633802816901408,IBk,BestFirstFilter,SMOTESampling,SensitiveThreshold,67.0,36.0,21.0,1.0,0.6504854368932039,0.9852941176470589,0.6768575851393189,0.3722003529252069
BOOKKEEPER,3,65.61723280861641,33.96851698425849,5.633802816901408,IBk,BestFirstFilter,SMOTESampling,SensitiveLearning,67.0,36.0,21.0,1.0,0.6504854368932039,0.9852941176470589,0.5647574819401445,0.3722003529252069
BOOKKEEPER,4,75.97348798674399,39.6023198011599,1.4913007456503728,RandomForest,NoFilter,NoSampling,NoCostSensitive,15.0,60.0,72.0,3.0,0.2,0.8333333333333334,0.7647306397306397,0.15999999999999992
BOOKKEEPER,4,75.97348798674399,39.6023198011599,1.4913007456503728,RandomForest,NoFilter,NoSampling,SensitiveThreshold,18.0,132.0,0.0,0.0,0.12,1.0,0.5,0.0
BOOKKEEPER,4,75.97348798674399,39.6023198011599,1.4913007456503728,RandomForest,NoFilter,NoSampling,SensitiveLearning,18.0,132.0,0.0,0.0,0.12,1.0,0.8068181818181818,0.0
BOOKKEEPER,4,75.97348798674399,39.6023198011599,1.4913007456503728,RandomForest,NoFilter,UnderSampling,NoCostSensitive,0.0,0.0,132.0,18.0,0.0,0.0,0.6961279461279462,0.0
BOOKKEEPER,4,75.97348798674399,39.6023198011599,1.4913007456503728,RandomForest,NoFilter,UnderSampling,SensitiveThreshold,18.0,132.0,0.0,0.0,0.12,1.0,0.5,0.0
BOOKKEEPER,4,75.97348798674399,39.6023198011599,1.4913007456503728,RandomForest,NoFilter,UnderSampling,SensitiveLearning,0.0,0.0,132.0,18.0,0.0,0.0,0.2582070707070707,0.0
BOOKKEEPER,4,75.97348798674399,39.6023198011599,1.4913007456503728,RandomForest,NoFilter,OverSampling,NoCostSensitive,15.0,61.0,71.0,3.0,0.19736842105263158,0.8333333333333334,0.7617845117845118,0.15522703273495253
BOOKKEEPER,4,75.97348798674399,39.6023198011599,1.4913007456503728,RandomForest,NoFilter,OverSampling,SensitiveThreshold,18.0,127.0,5.0,0.0,0.12413793103448276,1.0,0.5189393939393939,0.009360374414976575
BOOKKEEPER,4,75.97348798674399,39.6023198011599,1.4913007456503728,RandomForest,NoFilter,OverSampling,SensitiveLearning,17.0,87.0,45.0,1.0,0.16346153846153846,0.9444444444444444,0.7542087542087542,0.09315746084089038
BOOKKEEPER,4,75.97348798674399,39.6023198011599,1.4913007456503728,RandomForest,NoFilter,SMOTESampling,NoCostSensitive,12.0,55.0,77.0,6.0,0.1791044776119403,0.6666666666666666,0.7533670033670034,0.11491584445734199
BOOKKEEPER,4,75.97348798674399,39.6023198011599,1.4913007456503728,RandomForest,NoFilter,SMOTESampling,SensitiveThreshold,18.0,128.0,4.0,0.0,0.1232876712328767,1.0,0.5151515151515151,0.007444168734491302
BOOKKEEPER,4,75.97348798674399,39.6023198011599,1.4913007456503728,RandomForest,NoFilter,SMOTESampling,SensitiveLearning,18.0,126.0,6.0,0.0,0.125,1.0,0.7525252525252525,0.011299435028248584
BOOKKEEPER,4,75.97348798674399,39.6023198011599,1.4913007456503728,RandomForest,BestFirstFilter,NoSampling,NoCostSensitive,18.0,72.0,60.0,0.0,0.2,1.0,0.844486531986532,0.16666666666666669
BOOKKEEPER,4,75.97348798674399,39.6023198011599,1.4913007456503728,RandomForest,BestFirstFilter,NoSampling,SensitiveThreshold,18.0,83.0,49.0,0.0,0.1782178217821782,1.0,0.6856060606060606,0.12410299704516671
BOOKKEEPER,4,75.97348798674399,39.6023198011599,1.4913007456503728,RandomForest,BestFirstFilter,NoSampling,SensitiveLearning,18.0,83.0,49.0,0.0,0.1782178217821782,1.0,0.8356481481481481,0.12410299704516671
BOOKKEEPER,4,75.97348798674399,39.6023198011599,1.4913007456503728,RandomForest,BestFirstFilter,UnderSampling,NoCostSensitive,13.0,129.0,3.0,5.0,0.09154929577464789,0.7222222222222222,0.37247474747474746,-0.06416772554002541
BOOKKEEPER,4,75.97348798674399,39.6023198011599,1.4913007456503728,RandomForest,BestFirstFilter,UnderSampling,SensitiveThreshold,13.0,129.0,3.0,5.0,0.09154929577464789,0.7222222222222222,0.37247474747474746,-0.06416772554002541
BOOKKEEPER,4,75.97348798674399,39.6023198011599,1.4913007456503728,RandomForest,BestFirstFilter,UnderSampling,SensitiveLearning,3.0,95.0,37.0,15.0,0.030612244897959183,0.16666666666666666,0.20917508417508418,-0.18944636678200694
BOOKKEEPER,4,75.97348798674399,39.6023198011599,1.4913007456503728,RandomForest,BestFirstFilter,OverSampling,NoCostSensitive,18.0,66.0,66.0,0.0,0.21428571428571427,1.0,0.8301767676767676,0.19354838709677424
BOOKKEEPER,4,75.97348798674399,39.6023198011599,1.4913007456503728,RandomForest,BestFirstFilter,OverSampling,SensitiveThreshold,18.0,83.0,49.0,0.0,0.1782178217821782,1.0,0.6856060606060606,0.12410299704516671
BOOKKEEPER,4,75.97348798674399,39.6023198011599,1.4913007456503728,RandomForest,BestFirstFilter,OverSampling,SensitiveLearning,17.0,64.0,68.0,1.0,0.20987654320987653,0.9444444444444444,0.7573653198653199,0.18300653594771235
BOOKKEEPER,4,75.97348798674399,39.6023198011599,1.4913007456503728,RandomForest,BestFirstFilter,SMOTESampling,NoCostSensitive,18.0,70.0,62.0,0.0,0.20454545454545456,1.0,0.8293350168350169,0.17530631479736097
BOOKKEEPER,4,75.97348798674399,39.6023198011599,1.4913007456503728,RandomForest,BestFirstFilter,SMOTESampling,SensitiveThreshold,18.0,83.0,49.0,0.0,0.1782178217821782,1.0,0.6856060606060606,0.12410299704516671
BOOKKEEPER,4,75.97348798674399,39.6023198011599,1.4913007456503728,RandomForest,BestFirstFilter,SMOTESampling,SensitiveLearning,18.0,83.0,49.0,0.0,0.1782178217821782,1.0,0.7702020202020202,0.12410299704516671
BOOKKEEPER,4,75.97348798674399,39.6023198011599,1.4913007456503728,NaiveBayes,NoFilter,NoSampling,NoCostSensitive,15.0,24.0,108.0,3.0,0.38461538461538464,0.8333333333333334,0.8482744107744108,0.43324937027707794
BOOKKEEPER,4,75.97348798674399,39.6023198011599,1.4913007456503728,NaiveBayes,NoFilter,NoSampling,SensitiveThreshold,18.0,94.0,38.0,0.0,0.16071428571428573,1.0,0.6439393939393939,0.08844065166795968
BOOKKEEPER,4,75.97348798674399,39.6023198011599,1.4913007456503728,NaiveBayes,NoFilter,NoSampling,SensitiveLearning,18.0,94.0,38.0,0.0,0.16071428571428573,1.0,0.8482744107744108,0.08844065166795968
BOOKKEEPER,4,75.97348798674399,39.6023198011599,1.4913007456503728,NaiveBayes,NoFilter,UnderSampling,NoCostSensitive,13.0,129.0,3.0,5.0,0.09154929577464789,0.7222222222222222,0.3710016835016835,-0.06416772554002541
BOOKKEEPER,4,75.97348798674399,39.6023198011599,1.4913007456503728,NaiveBayes,NoFilter,UnderSampling,SensitiveThreshold,13.0,129.0,3.0,5.0,0.09154929577464789,0.7222222222222222,0.37247474747474746,-0.06416772554002541
BOOKKEEPER,4,75.97348798674399,39.6023198011599,1.4913007456503728,NaiveBayes,NoFilter,UnderSampling,SensitiveLearning,9.0,113.0,19.0,9.0,0.07377049180327869,0.5,0.10248316498316498,-0.10187861271676303
BOOKKEEPER,4,75.97348798674399,39.6023198011599,1.4913007456503728,NaiveBayes,NoFilter,OverSampling,NoCostSensitive,15.0,24.0,108.0,3.0,0.38461538461538464,0.8333333333333334,0.8507996632996633,0.43324937027707794
BOOKKEEPER,4,75.97348798674399,39.6023198011599,1.4913007456503728,NaiveBayes,NoFilter,OverSampling,SensitiveThreshold,18.0,94.0,38.0,0.0,0.16071428571428573,1.0,0.6439393939393939,0.08844065166795968
BOOKKEEPER,4,75.97348798674399,39.6023198011599,1.4913007456503728,NaiveBayes,NoFilter,OverSampling,SensitiveLearning,15.0,26.0,106.0,3.0,0.36585365853658536,0.8333333333333334,0.8482744107744108,0.4100895036615133
BOOKKEEPER,4,75.97348798674399,39.6023198011599,1.4913007456503728,NaiveBayes,NoFilter,SMOTESampling,NoCostSensitive,15.0,24.0,108.0,3.0,0.38461538461538464,0.8333333333333334,0.8358585858585859,0.43324937027707794
BOOKKEEPER,4,75.97348798674399,39.6023198011599,1.4913007456503728,NaiveBayes,NoFilter,SMOTESampling,SensitiveThreshold,18.0,94.0,38.0,0.0,0.16071428571428573,1.0,0.6439393939393939,0.08844065166795968
BOOKKEEPER,4,75.97348798674399,39.6023198011599,1.4913007456503728,NaiveBayes,NoFilter,SMOTESampling,SensitiveLearning,15.0,84.0,48.0,3.0,0.15151515151515152,0.8333333333333334,0.8331228956228957,0.06692406692406688
BOOKKEEPER,4,75.97348798674399,39.6023198011599,1.4913007456503728,NaiveBayes,BestFirstFilter,NoSampling,NoCostSensitive,15.0,24.0,108.0,3.0,0.38461538461538464,0.8333333333333334,0.8482744107744108,0.43324937027707794
BOOKKEEPER,4,75.97348798674399,39.6023198011599,1.4913007456503728,NaiveBayes,BestFirstFilter,NoSampling,SensitiveThreshold,18.0,94.0,38.0,0.0,0.16071428571428573,1.0,0.6439393939393939,0.08844065166795968
BOOKKEEPER,4,75.97348798674399,39.6023198011599,1.4913007456503728,NaiveBayes,BestFirstFilter,NoSampling,SensitiveLearning,18.0,94.0,38.0,0.0,0.16071428571428573,1.0,0.8482744107744108,0.08844065166795968
BOOKKEEPER,4,75.97348798674399,39.6023198011599,1.4913007456503728,NaiveBayes,BestFirstFilter,UnderSampling,NoCostSensitive,13.0,129.0,3.0,5.0,0.09154929577464789,0.7222222222222222,0.3710016835016835,-0.06416772554002541
BOOKKEEPER,4,75.97348798674399,39.6023198011599,1.4913007456503728,NaiveBayes,BestFirstFilter,UnderSampling,SensitiveThreshold,13.0,129.0,3.0,5.0,0.09154929577464789,0.7222222222222222,0.37247474747474746,-0.06416772554002541
BOOKKEEPER,4,75.97348798674399,39.6023198011599,1.4913007456503728,NaiveBayes,BestFirstFilter,UnderSampling,SensitiveLearning,9.0,113.0,19.0,9.0,0.07377049180327869,0.5,0.10248316498316498,-0.10187861271676303
BOOKKEEPER,4,75.97348798674399,39.6023198011599,1.4913007456503728,NaiveBayes,BestFirstFilter,OverSampling,NoCostSensitive,15.0,24.0,108.0,3.0,0.38461538461538464,0.8333333333333334,0.8507996632996633,0.43324937027707794
BOOKKEEPER,4,75.97348798674399,39.6023198011599,1.4913007456503728,NaiveBayes,BestFirstFilter,OverSampling,SensitiveThreshold,18.0,94.0,38.0,0.0,0.16071428571428573,1.0,0.6439393939393939,0.08844065166795968
BOOKKEEPER,4,75.97348798674399,39.6023198011599,1.4913007456503728,NaiveBayes,BestFirstFilter,OverSampling,SensitiveLearning,15.0,26.0,106.0,3.0,0.36585365853658536,0.8333333333333334,0.8482744107744108,0.4100895036615133
BOOKKEEPER,4,75.97348798674399,39.6023198011599,1.4913007456503728,NaiveBayes,BestFirstFilter,SMOTESampling,NoCostSensitive,15.0,24.0,108.0,3.0,0.38461538461538464,0.8333333333333334,0.8358585858585859,0.43324937027707794
BOOKKEEPER,4,75.97348798674399,39.6023198011599,1.4913007456503728,NaiveBayes,BestFirstFilter,SMOTESampling,SensitiveThreshold,18.0,94.0,38.0,0.0,0.16071428571428573,1.0,0.6439393939393939,0.08844065166795968
BOOKKEEPER,4,75.97348798674399,39.6023198011599,1.4913007456503728,NaiveBayes,BestFirstFilter,SMOTESampling,SensitiveLearning,15.0,84.0,48.0,3.0,0.15151515151515152,0.8333333333333334,0.8331228956228957,0.06692406692406688
BOOKKEEPER,4,75.97348798674399,39.6023198011599,1.4913007456503728,IBk,NoFilter,NoSampling,NoCostSensitive,18.0,72.0,60.0,0.0,0.2,1.0,0.7977693602693603,0.16666666666666669
BOOKKEEPER,4,75.97348798674399,39.6023198011599,1.4913007456503728,IBk,NoFilter,NoSampling,SensitiveThreshold,18.0,83.0,49.0,0.0,0.1782178217821782,1.0,0.6856060606060606,0.12410299704516671
BOOKKEEPER,4,75.97348798674399,39.6023198011599,1.4913007456503728,IBk,NoFilter,NoSampling,SensitiveLearning,18.0,83.0,49.0,0.0,0.1782178217821782,1.0,0.7977693602693603,0.12410299704516671
BOOKKEEPER,4,75.97348798674399,39.6023198011599,1.4913007456503728,IBk,NoFilter,UnderSampling,NoCostSensitive,13.0,129.0,3.0,5.0,0.09154929577464789,0.7222222222222222,0.37247474747474746,-0.06416772554002541
BOOKKEEPER,4,75.97348798674399,39.6023198011599,1.4913007456503728,IBk,NoFilter,UnderSampling,SensitiveThreshold,18.0,132.0,0.0,0.0,0.12,1.0,0.5,0.0
BOOKKEEPER,4,75.97348798674399,39.6023198011599,1.4913007456503728,IBk,NoFilter,UnderSampling,SensitiveLearning,4.0,102.0,30.0,14.0,0.03773584905660377,0.2222222222222222,0.22474747474747475,-0.17694805194805194
BOOKKEEPER,4,75.97348798674399,39.6023198011599,1.4913007456503728,IBk,NoFilter,OverSampling,NoCostSensitive,18.0,66.0,66.0,0.0,0.21428571428571427,1.0,0.8177609427609428,0.19354838709677424
BOOKKEEPER,4,75.97348798674399,39.6023198011599,1.4913007456503728,IBk,NoFilter,OverSampling,SensitiveThreshold,18.0,77.0,55.0,0.0,0.18947368421052632,1.0,0.7083333333333334,0.1463414634146342
BOOKKEEPER,4,75.97348798674399,39.6023198011599,1.4913007456503728,IBk,NoFilter,OverSampling,SensitiveLearning,17.0,58.0,74.0,1.0,0.22666666666666666,0.9444444444444444,0.7173821548821548,0.21333333333333337
BOOKKEEPER,4,75.97348798674399,39.6023198011599,1.4913007456503728,IBk,NoFilter,SMOTESampling,NoCostSensitive,18.0,69.0,63.0,0.0,0.20689655172413793,1.0,0.8148148148148148,0.1797432239657633
BOOKKEEPER,4,75.97348798674399,39.6023198011599,1.4913007456503728,IBk,NoFilter,SMOTESampling,SensitiveThreshold,18.0,83.0,49.0,0.0,0.1782178217821782,1.0,0.6856060606060606,0.12410299704516671
BOOKKEEPER,4,75.97348798674399,39.6023198011599,1.4913007456503728,IBk,NoFilter,SMOTESampling,SensitiveLearning,18.0,81.0,51.0,0.0,0.18181818181818182,1.0,0.7453703703703703,0.1312741312741313
BOOKKEEPER,4,75.97348798674399,39.6023198011599,1.4913007456503728,IBk,BestFirstFilter,NoSampling,NoCostSensitive,18.0,72.0,60.0,0.0,0.2,1.0,0.7977693602693603,0.16666666666666669
BOOKKEEPER,4,75.97348798674399,39.6023198011599,1.4913007456503728,IBk,BestFirstFilter,NoSampling,SensitiveThreshold,18.0,83.0,49.0,0.0,0.1782178217821782,1.0,0.6856060606060606,0.12410299704516671
BOOKKEEPER,4,75.97348798674399,39.6023198011599,1.4913007456503728,IBk,BestFirstFilter,NoSampling,SensitiveLearning,18.0,83.0,49.0,0.0,0.1782178217821782,1.0,0.7977693602693603,0.12410299704516671
BOOKKEEPER,4,75.97348798674399,39.6023198011599,1.4913007456503728,IBk,BestFirstFilter,UnderSampling,NoCostSensitive,13.0,129.0,3.0,5.0,0.09154929577464789,0.7222222222222222,0.37247474747474746,-0.06416772554002541
BOOKKEEPER,4,75.97348798674399,39.6023198011599,1.4913007456503728,IBk,BestFirstFilter,UnderSampling,SensitiveThreshold,18.0,132.0,0.0,0.0,0.12,1.0,0.5,0.0
BOOKKEEPER,4,75.97348798674399,39.6023198011599,1.4913007456503728,IBk,BestFirstFilter,UnderSampling,SensitiveLearning,4.0,102.0,30.0,14.0,0.03773584905660377,0.2222222222222222,0.22474747474747475,-0.17694805194805194
BOOKKEEPER,4,75.97348798674399,39.6023198011599,1.4913007456503728,IBk,BestFirstFilter,OverSampling,NoCostSensitive,18.0,66.0,66.0,0.0,0.21428571428571427,1.0,0.8177609427609428,0.19354838709677424
BOOKKEEPER,4,75.97348798674399,39.6023198011599,1.4913007456503728,IBk,BestFirstFilter,OverSampling,SensitiveThreshold,18.0,77.0,55.0,0.0,0.18947368421052632,1.0,0.7083333333333334,0.1463414634146342
BOOKKEEPER,4,75.97348798674399,39.6023198011599,1.4913007456503728,IBk,BestFirstFilter,OverSampling,SensitiveLearning,17.0,58.0,74.0,1.0,0.22666666666666666,0.9444444444444444,0.7173821548821548,0.21333333333333337
BOOKKEEPER,4,75.97348798674399,39.6023198011599,1.4913007456503728,IBk,BestFirstFilter,SMOTESampling,NoCostSensitive,18.0,69.0,63.0,0.0,0.20689655172413793,1.0,0.8148148148148148,0.1797432239657633
BOOKKEEPER,4,75.97348798674399,39.6023198011599,1.4913007456503728,IBk,BestFirstFilter,SMOTESampling,SensitiveThreshold,18.0,83.0,49.0,0.0,0.1782178217821782,1.0,0.6856060606060606,0.12410299704516671
BOOKKEEPER,4,75.97348798674399,39.6023198011599,1.4913007456503728,IBk,BestFirstFilter,SMOTESampling,SensitiveLearning,18.0,81.0,51.0,0.0,0.18181818181818182,1.0,0.7453703703703703,0.1312741312741313
BOOKKEEPER,5,88.4009942004971,41.09362054681027,0.24855012427506215,RandomForest,NoFilter,NoSampling,NoCostSensitive,3.0,37.0,100.0,0.0,0.075,1.0,0.9854014598540146,0.10380622837370254
BOOKKEEPER,5,88.4009942004971,41.09362054681027,0.24855012427506215,RandomForest,NoFilter,NoSampling,SensitiveThreshold,3.0,130.0,7.0,0.0,0.022556390977443608,1.0,0.5255474452554745,0.0023023791250959304
BOOKKEEPER,5,88.4009942004971,41.09362054681027,0.24855012427506215,RandomForest,NoFilter,NoSampling,SensitiveLearning,3.0,133.0,4.0,0.0,0.022058823529411766,1.0,0.9927007299270073,0.0012872774082814855
BOOKKEEPER,5,88.4009942004971,41.09362054681027,0.24855012427506215,RandomForest,NoFilter,UnderSampling,NoCostSensitive,0.0,0.0,137.0,3.0,0.0,0.0,0.5437956204379562,0.0
BOOKKEEPER,5,88.4009942004971,41.09362054681027,0.24855012427506215,RandomForest,NoFilter,UnderSampling,SensitiveThreshold,3.0,135.0,2.0,0.0,0.021739130434782608,1.0,0.5072992700729927,6.345177664974623E-4
BOOKKEEPER,5,88.4009942004971,41.09362054681027,0.24855012427506215,RandomForest,NoFilter,UnderSampling,SensitiveLearning,0.0,0.0,137.0,3.0,0.0,0.0,0.8540145985401459,0.0
BOOKKEEPER,5,88.4009942004971,41.09362054681027,0.24855012427506215,RandomForest,NoFilter,OverSampling,NoCostSensitive,3.0,42.0,95.0,0.0,0.06666666666666667,1.0,0.9878345498783455,0.08837209302325569
BOOKKEEPER,5,88.4009942004971,41.09362054681027,0.24855012427506215,RandomForest,NoFilter,OverSampling,SensitiveThreshold,3.0,117.0,20.0,0.0,0.025,1.0,0.572992700729927,0.0072727272727272614
BOOKKEEPER,5,88.4009942004971,41.09362054681027,0.24855012427506215,RandomForest,NoFilter,OverSampling,SensitiveLearning,3.0,69.0,68.0,0.0,0.041666666666666664,1.0,0.9659367396593674,0.040524433849821156
BOOKKEEPER,5,88.4009942004971,41.09362054681027,0.24855012427506215,RandomForest,NoFilter,SMOTESampling,NoCostSensitive,3.0,49.0,88.0,0.0,0.057692307692307696,1.0,0.9951338199513382,0.07146724417975092
BOOKKEEPER,5,88.4009942004971,41.09362054681027,0.24855012427506215,RandomForest,NoFilter,SMOTESampling,SensitiveThreshold,3.0,133.0,4.0,0.0,0.022058823529411766,1.0,0.5145985401459854,0.0012872774082814855
BOOKKEEPER,5,88.4009942004971,41.09362054681027,0.24855012427506215,RandomForest,NoFilter,SMOTESampling,SensitiveLearning,3.0,107.0,30.0,0.0,0.02727272727272727,1.0,0.9708029197080292,0.011873350923482849
BOOKKEEPER,5,88.4009942004971,41.09362054681027,0.24855012427506215,RandomForest,BestFirstFilter,NoSampling,NoCostSensitive,3.0,61.0,76.0,0.0,0.046875,1.0,0.8880778588807786,0.050689195197865605
BOOKKEEPER,5,88.4009942004971,41.09362054681027,0.24855012427506215,RandomForest,BestFirstFilter,NoSampling,SensitiveThreshold,3.0,105.0,32.0,0.0,0.027777777777777776,1.0,0.6167883211678832,0.01289282836422241
BOOKKEEPER,5,88.4009942004971,41.09362054681027,0.24855012427506215,RandomForest,BestFirstFilter,NoSampling,SensitiveLearning,3.0,105.0,32.0,0.0,0.027777777777777776,1.0,0.8418491484184915,0.01289282836422241
BOOKKEEPER,5,88.4009942004971,41.09362054681027,0.24855012427506215,RandomForest,BestFirstFilter,UnderSampling,NoCostSensitive,3.0,137.0,0.0,0.0,0.02142857142857143,1.0,0.5,0.0
BOOKKEEPER,5,88.4009942004971,41.09362054681027,0.24855012427506215,RandomForest,BestFirstFilter,UnderSampling,SensitiveThreshold,3.0,137.0,0.0,0.0,0.02142857142857143,1.0,0.5,0.0
BOOKKEEPER,5,88.4009942004971,41.09362054681027,0.24855012427506215,RandomForest,BestFirstFilter,UnderSampling,SensitiveLearning,3.0,49.0,88.0,0.0,0.057692307692307696,1.0,0.8211678832116789,0.07146724417975092
BOOKKEEPER,5,88.4009942004971,41.09362054681027,0.24855012427506215,RandomForest,BestFirstFilter,OverSampling,NoCostSensitive,3.0,69.0,68.0,0.0,0.041666666666666664,1.0,0.829683698296837,0.040524433849821156
BOOKKEEPER,5,88.4009942004971,41.09362054681027,0.24855012427506215,RandomForest,BestFirstFilter,OverSampling,SensitiveThreshold,3.0,105.0,32.0,0.0,0.027777777777777776,1.0,0.6167883211678832,0.01289282836422241
BOOKKEEPER,5,88.4009942004971,41.09362054681027,0.24855012427506215,RandomForest,BestFirstFilter,OverSampling,SensitiveLearning,2.0,64.0,73.0,1.0,0.030303030303030304,0.6666666666666666,0.7518248175182481,0.01770293609671846
BOOKKEEPER,5,88.4009942004971,41.09362054681027,0.24855012427506215,RandomForest,BestFirstFilter,SMOTESampling,NoCostSensitive,3.0,79.0,58.0,0.0,0.036585365853658534,1.0,0.8832116788321168,0.030504908835904614
BOOKKEEPER,5,88.4009942004971,41.09362054681027,0.24855012427506215,RandomForest,BestFirstFilter,SMOTESampling,SensitiveThreshold,3.0,105.0,32.0,0.0,0.027777777777777776,1.0,0.6167883211678832,0.01289282836422241
BOOKKEEPER,5,88.4009942004971,41.09362054681027,0.24855012427506215,RandomForest,BestFirstFilter,SMOTESampling,SensitiveLearning,3.0,96.0,41.0,0.0,0.030303030303030304,1.0,0.732360097323601,0.017974572555896514
BOOKKEEPER,5,88.4009942004971,41.09362054681027,0.24855012427506215,NaiveBayes,NoFilter,NoSampling,NoCostSensitive,3.0,110.0,27.0,0.0,0.02654867256637168,1.0,0.7700729927007299,0.010409973011181066
BOOKKEEPER,5,88.4009942004971,41.09362054681027,0.24855012427506215,NaiveBayes,NoFilter,NoSampling,SensitiveThreshold,3.0,137.0,0.0,0.0,0.02142857142857143,1.0,0.5,0.0
BOOKKEEPER,5,88.4009942004971,41.09362054681027,0.24855012427506215,NaiveBayes,NoFilter,NoSampling,SensitiveLearning,3.0,137.0,0.0,0.0,0.02142857142857143,1.0,0.7700729927007299,0.0
BOOKKEEPER,5,88.4009942004971,41.09362054681027,0.24855012427506215,NaiveBayes,NoFilter,UnderSampling,NoCostSensitive,3.0,137.0,0.0,0.0,0.02142857142857143,1.0,0.5,0.0
BOOKKEEPER,5,88.4009942004971,41.09362054681027,0.24855012427506215,NaiveBayes,NoFilter,UnderSampling,SensitiveThreshold,3.0,137.0,0.0,0.0,0.02142857142857143,1.0,0.5,0.0
BOOKKEEPER,5,88.4009942004971,41.09362054681027,0.24855012427506215,NaiveBayes,NoFilter,UnderSampling,SensitiveLearning,3.0,137.0,0.0,0.0,0.02142857142857143,1.0,0.8661800486618005,0.0
BOOKKEEPER,5,88.4009942004971,41.09362054681027,0.24855012427506215,NaiveBayes,NoFilter,OverSampling,NoCostSensitive,3.0,110.0,27.0,0.0,0.02654867256637168,1.0,0.7700729927007299,0.010409973011181066
BOOKKEEPER,5,88.4009942004971,41.09362054681027,0.24855012427506215,NaiveBayes,NoFilter,OverSampling,SensitiveThreshold,3.0,137.0,0.0,0.0,0.02142857142857143,1.0,0.5,0.0
BOOKKEEPER,5,88.4009942004971,41.09362054681027,0.24855012427506215,NaiveBayes,NoFilter,OverSampling,SensitiveLearning,3.0,110.0,27.0,0.0,0.02654867256637168,1.0,0.7700729927007299,0.010409973011181066
BOOKKEEPER,5,88.4009942004971,41.09362054681027,0.24855012427506215,NaiveBayes,NoFilter,SMOTESampling,NoCostSensitive,3.0,110.0,27.0,0.0,0.02654867256637168,1.0,0.7639902676399026,0.010409973011181066
BOOKKEEPER,5,88.4009942004971,41.09362054681027,0.24855012427506215,NaiveBayes,NoFilter,SMOTESampling,SensitiveThreshold,3.0,137.0,0.0,0.0,0.02142857142857143,1.0,0.5,0.0
BOOKKEEPER,5,88.4009942004971,41.09362054681027,0.24855012427506215,NaiveBayes,NoFilter,SMOTESampling,SensitiveLearning,3.0,110.0,27.0,0.0,0.02654867256637168,1.0,0.7639902676399026,0.010409973011181066
BOOKKEEPER,5,88.4009942004971,41.09362054681027,0.24855012427506215,NaiveBayes,BestFirstFilter,NoSampling,NoCostSensitive,3.0,110.0,27.0,0.0,0.02654867256637168,1.0,0.7700729927007299,0.010409973011181066
BOOKKEEPER,5,88.4009942004971,41.09362054681027,0.24855012427506215,NaiveBayes,BestFirstFilter,NoSampling,SensitiveThreshold,3.0,137.0,0.0,0.0,0.02142857142857143,1.0,0.5,0.0
BOOKKEEPER,5,88.4009942004971,41.09362054681027,0.24855012427506215,NaiveBayes,BestFirstFilter,NoSampling,SensitiveLearning,3.0,137.0,0.0,0.0,0.02142857142857143,1.0,0.7700729927007299,0.0
BOOKKEEPER,5,88.4009942004971,41.09362054681027,0.24855012427506215,NaiveBayes,BestFirstFilter,UnderSampling,NoCostSensitive,3.0,137.0,0.0,0.0,0.02142857142857143,1.0,0.5,0.0
BOOKKEEPER,5,88.4009942004971,41.09362054681027,0.24855012427506215,NaiveBayes,BestFirstFilter,UnderSampling,SensitiveThreshold,3.0,137.0,0.0,0.0,0.02142857142857143,1.0,0.5,0.0
BOOKKEEPER,5,88.4009942004971,41.09362054681027,0.24855012427506215,NaiveBayes,BestFirstFilter,UnderSampling,SensitiveLearning,3.0,137.0,0.0,0.0,0.02142857142857143,1.0,0.8661800486618005,0.0
BOOKKEEPER,5,88.4009942004971,41.09362054681027,0.24855012427506215,NaiveBayes,BestFirstFilter,OverSampling,NoCostSensitive,3.0,110.0,27.0,0.0,0.02654867256637168,1.0,0.7700729927007299,0.010409973011181066
BOOKKEEPER,5,88.4009942004971,41.09362054681027,0.24855012427506215,NaiveBayes,BestFirstFilter,OverSampling,SensitiveThreshold,3.0,137.0,0.0,0.0,0.02142857142857143,1.0,0.5,0.0
BOOKKEEPER,5,88.4009942004971,41.09362054681027,0.24855012427506215,NaiveBayes,BestFirstFilter,OverSampling,SensitiveLearning,3.0,110.0,27.0,0.0,0.02654867256637168,1.0,0.7700729927007299,0.010409973011181066
BOOKKEEPER,5,88.4009942004971,41.09362054681027,0.24855012427506215,NaiveBayes,BestFirstFilter,SMOTESampling,NoCostSensitive,3.0,110.0,27.0,0.0,0.02654867256637168,1.0,0.7639902676399026,0.010409973011181066
BOOKKEEPER,5,88.4009942004971,41.09362054681027,0.24855012427506215,NaiveBayes,BestFirstFilter,SMOTESampling,SensitiveThreshold,3.0,137.0,0.0,0.0,0.02142857142857143,1.0,0.5,0.0
BOOKKEEPER,5,88.4009942004971,41.09362054681027,0.24855012427506215,NaiveBayes,BestFirstFilter,SMOTESampling,SensitiveLearning,3.0,110.0,27.0,0.0,0.02654867256637168,1.0,0.7639902676399026,0.010409973011181066
BOOKKEEPER,5,88.4009942004971,41.09362054681027,0.24855012427506215,IBk,NoFilter,NoSampling,NoCostSensitive,3.0,66.0,71.0,0.0,0.043478260869565216,1.0,0.8965936739659367,0.04407200496585968
BOOKKEEPER,5,88.4009942004971,41.09362054681027,0.24855012427506215,IBk,NoFilter,NoSampling,SensitiveThreshold,3.0,105.0,32.0,0.0,0.027777777777777776,1.0,0.6167883211678832,0.01289282836422241
BOOKKEEPER,5,88.4009942004971,41.09362054681027,0.24855012427506215,IBk,NoFilter,NoSampling,SensitiveLearning,3.0,105.0,32.0,0.0,0.027777777777777776,1.0,0.8965936739659367,0.01289282836422241
BOOKKEEPER,5,88.4009942004971,41.09362054681027,0.24855012427506215,IBk,NoFilter,UnderSampling,NoCostSensitive,3.0,137.0,0.0,0.0,0.02142857142857143,1.0,0.5,0.0
BOOKKEEPER,5,88.4009942004971,41.09362054681027,0.24855012427506215,IBk,NoFilter,UnderSampling,SensitiveThreshold,3.0,137.0,0.0,0.0,0.02142857142857143,1.0,0.5,0.0
BOOKKEEPER,5,88.4009942004971,41.09362054681027,0.24855012427506215,IBk,NoFilter,UnderSampling,SensitiveLearning,3.0,108.0,29.0,0.0,0.02702702702702703,1.0,0.6058394160583942,0.011377010592389167
BOOKKEEPER,5,88.4009942004971,41.09362054681027,0.24855012427506215,IBk,NoFilter,OverSampling,NoCostSensitive,3.0,69.0,68.0,0.0,0.041666666666666664,1.0,0.8686131386861314,0.040524433849821156
BOOKKEEPER,5,88.4009942004971,41.09362054681027,0.24855012427506215,IBk,NoFilter,OverSampling,SensitiveThreshold,3.0,105.0,32.0,0.0,0.027777777777777776,1.0,0.6167883211678832,0.01289282836422241
BOOKKEEPER,5,88.4009942004971,41.09362054681027,0.24855012427506215,IBk,NoFilter,OverSampling,SensitiveLearning,2.0,64.0,73.0,1.0,0.030303030303030304,0.6666666666666666,0.7201946472019465,0.01770293609671846
BOOKKEEPER,5,88.4009942004971,41.09362054681027,0.24855012427506215,IBk,NoFilter,SMOTESampling,NoCostSensitive,3.0,79.0,58.0,0.0,0.036585365853658534,1.0,0.8965936739659367,0.030504908835904614
BOOKKEEPER,5,88.4009942004971,41.09362054681027,0.24855012427506215,IBk,NoFilter,SMOTESampling,SensitiveThreshold,3.0,105.0,32.0,0.0,0.027777777777777776,1.0,0.6167883211678832,0.01289282836422241
BOOKKEEPER,5,88.4009942004971,41.09362054681027,0.24855012427506215,IBk,NoFilter,SMOTESampling,SensitiveLearning,3.0,96.0,41.0,0.0,0.030303030303030304,1.0,0.6849148418491484,0.017974572555896514
BOOKKEEPER,5,88.4009942004971,41.09362054681027,0.24855012427506215,IBk,BestFirstFilter,NoSampling,NoCostSensitive,3.0,66.0,71.0,0.0,0.043478260869565216,1.0,0.8965936739659367,0.04407200496585968
BOOKKEEPER,5,88.4009942004971,41.09362054681027,0.24855012427506215,IBk,BestFirstFilter,NoSampling,SensitiveThreshold,3.0,105.0,32.0,0.0,0.027777777777777776,1.0,0.6167883211678832,0.01289282836422241
BOOKKEEPER,5,88.4009942004971,41.09362054681027,0.24855012427506215,IBk,BestFirstFilter,NoSampling,SensitiveLearning,3.0,105.0,32.0,0.0,0.027777777777777776,1.0,0.8965936739659367,0.01289282836422241
BOOKKEEPER,5,88.4009942004971,41.09362054681027,0.24855012427506215,IBk,BestFirstFilter,UnderSampling,NoCostSensitive,3.0,137.0,0.0,0.0,0.02142857142857143,1.0,0.5,0.0
BOOKKEEPER,5,88.4009942004971,41.09362054681027,0.24855012427506215,IBk,BestFirstFilter,UnderSampling,SensitiveThreshold,3.0,137.0,0.0,0.0,0.02142857142857143,1.0,0.5,0.0
BOOKKEEPER,5,88.4009942004971,41.09362054681027,0.24855012427506215,IBk,BestFirstFilter,UnderSampling,SensitiveLearning,3.0,108.0,29.0,0.0,0.02702702702702703,1.0,0.6058394160583942,0.011377010592389167
BOOKKEEPER,5,88.4009942004971,41.09362054681027,0.24855012427506215,IBk,BestFirstFilter,OverSampling,NoCostSensitive,3.0,69.0,68.0,0.0,0.041666666666666664,1.0,0.8686131386861314,0.040524433849821156
BOOKKEEPER,5,88.4009942004971,41.09362054681027,0.24855012427506215,IBk,BestFirstFilter,OverSampling,SensitiveThreshold,3.0,105.0,32.0,0.0,0.027777777777777776,1.0,0.6167883211678832,0.01289282836422241
BOOKKEEPER,5,88.4009942004971,41.09362054681027,0.24855012427506215,IBk,BestFirstFilter,OverSampling,SensitiveLearning,2.0,64.0,73.0,1.0,0.030303030303030304,0.6666666666666666,0.7201946472019465,0.01770293609671846
BOOKKEEPER,5,88.4009942004971,41.09362054681027,0.24855012427506215,IBk,BestFirstFilter,SMOTESampling,NoCostSensitive,3.0,79.0,58.0,0.0,0.036585365853658534,1.0,0.8965936739659367,0.030504908835904614
BOOKKEEPER,5,88.4009942004971,41.09362054681027,0.24855012427506215,IBk,BestFirstFilter,SMOTESampling,SensitiveThreshold,3.0,105.0,32.0,0.0,0.027777777777777776,1.0,0.6167883211678832,0.01289282836422241
BOOKKEEPER,5,88.4009942004971,41.09362054681027,0.24855012427506215,IBk,BestFirstFilter,SMOTESampling,SensitiveLearning,3.0,96.0,41.0,0.0,0.030303030303030304,1.0,0.6849148418491484,0.017974572555896514
