Dataset,#TrainingRelease,%training,%Defective_in_training,%Defective_in_testing,Feature_Selection,Balancing,Sensitivity,Classifier,TP,FP,TN,FN,Precision,Recall,AUC,Kappa
BOOKKEEPER,1,12.732615083251714,9.10871694417238,13.614103819784525,NoFilter,NoSampling,NoCostSensitive,RandomForest,124.0,105.0,20.0,15.0,0.5414847161572053,0.8920863309352518,0.7304748201438849,0.05404598387578383
BOOKKEEPER,1,12.732615083251714,9.10871694417238,13.614103819784525,NoFilter,NoSampling,NoCostSensitive,NaiveBayes,137.0,120.0,5.0,2.0,0.5330739299610895,0.9856115107913669,0.6635971223021583,0.026889842286542846
BOOKKEEPER,1,12.732615083251714,9.10871694417238,13.614103819784525,NoFilter,NoSampling,NoCostSensitive,IBk,113.0,67.0,58.0,26.0,0.6277777777777778,0.8129496402877698,0.6384748201438849,0.28160112359550554
BOOKKEEPER,1,12.732615083251714,9.10871694417238,13.614103819784525,NoFilter,NoSampling,SensitiveThreshold,RandomForest,139.0,125.0,0.0,0.0,0.5265151515151515,1.0,0.5,0.0
BOOKKEEPER,1,12.732615083251714,9.10871694417238,13.614103819784525,NoFilter,NoSampling,SensitiveThreshold,NaiveBayes,137.0,120.0,5.0,2.0,0.5330739299610895,0.9856115107913669,0.5128057553956834,0.026889842286542846
BOOKKEEPER,1,12.732615083251714,9.10871694417238,13.614103819784525,NoFilter,NoSampling,SensitiveThreshold,IBk,113.0,67.0,58.0,26.0,0.6277777777777778,0.8129496402877698,0.6384748201438849,0.28160112359550554
BOOKKEEPER,1,12.732615083251714,9.10871694417238,13.614103819784525,NoFilter,NoSampling,SensitiveLearning,RandomForest,139.0,125.0,0.0,0.0,0.5265151515151515,1.0,0.7442877697841727,0.0
BOOKKEEPER,1,12.732615083251714,9.10871694417238,13.614103819784525,NoFilter,NoSampling,SensitiveLearning,NaiveBayes,137.0,120.0,5.0,2.0,0.5330739299610895,0.9856115107913669,0.660431654676259,0.026889842286542846
BOOKKEEPER,1,12.732615083251714,9.10871694417238,13.614103819784525,NoFilter,NoSampling,SensitiveLearning,IBk,113.0,67.0,58.0,26.0,0.6277777777777778,0.8129496402877698,0.6384748201438849,0.28160112359550554
BOOKKEEPER,1,12.732615083251714,9.10871694417238,13.614103819784525,NoFilter,UnderSampling,NoCostSensitive,RandomForest,0.0,0.0,125.0,139.0,0.0,0.0,0.7580143884892087,0.0
BOOKKEEPER,1,12.732615083251714,9.10871694417238,13.614103819784525,NoFilter,UnderSampling,NoCostSensitive,NaiveBayes,82.0,63.0,62.0,57.0,0.5655172413793104,0.5899280575539568,0.5587338129496403,0.08613627185138165
BOOKKEEPER,1,12.732615083251714,9.10871694417238,13.614103819784525,NoFilter,UnderSampling,NoCostSensitive,IBk,87.0,30.0,95.0,52.0,0.7435897435897436,0.6258992805755396,0.6929496402877697,0.38250898511038867
BOOKKEEPER,1,12.732615083251714,9.10871694417238,13.614103819784525,NoFilter,UnderSampling,SensitiveThreshold,RandomForest,132.0,94.0,31.0,7.0,0.584070796460177,0.9496402877697842,0.5988201438848921,0.2048192771084337
BOOKKEEPER,1,12.732615083251714,9.10871694417238,13.614103819784525,NoFilter,UnderSampling,SensitiveThreshold,NaiveBayes,89.0,63.0,62.0,50.0,0.5855263157894737,0.6402877697841727,0.5681438848920863,0.13700532284193492
BOOKKEEPER,1,12.732615083251714,9.10871694417238,13.614103819784525,NoFilter,UnderSampling,SensitiveThreshold,IBk,139.0,125.0,0.0,0.0,0.5265151515151515,1.0,0.5,0.0
BOOKKEEPER,1,12.732615083251714,9.10871694417238,13.614103819784525,NoFilter,UnderSampling,SensitiveLearning,RandomForest,0.0,0.0,125.0,139.0,0.0,0.0,0.7103597122302159,0.0
BOOKKEEPER,1,12.732615083251714,9.10871694417238,13.614103819784525,NoFilter,UnderSampling,SensitiveLearning,NaiveBayes,62.0,23.0,102.0,77.0,0.7294117647058823,0.4460431654676259,0.6515971223021583,0.25646369627668564
BOOKKEEPER,1,12.732615083251714,9.10871694417238,13.614103819784525,NoFilter,UnderSampling,SensitiveLearning,IBk,41.0,5.0,120.0,98.0,0.8913043478260869,0.2949640287769784,0.6274820143884892,0.24575613003439478
BOOKKEEPER,1,12.732615083251714,9.10871694417238,13.614103819784525,NoFilter,OverSampling,NoCostSensitive,RandomForest,112.0,65.0,60.0,27.0,0.632768361581921,0.8057553956834532,0.7062446043165468,0.29019814132912497
BOOKKEEPER,1,12.732615083251714,9.10871694417238,13.614103819784525,NoFilter,OverSampling,NoCostSensitive,NaiveBayes,137.0,120.0,5.0,2.0,0.5330739299610895,0.9856115107913669,0.6650647482014388,0.026889842286542846
BOOKKEEPER,1,12.732615083251714,9.10871694417238,13.614103819784525,NoFilter,OverSampling,NoCostSensitive,IBk,113.0,67.0,58.0,26.0,0.6277777777777778,0.8129496402877698,0.659136690647482,0.28160112359550554
BOOKKEEPER,1,12.732615083251714,9.10871694417238,13.614103819784525,NoFilter,OverSampling,SensitiveThreshold,RandomForest,139.0,125.0,0.0,0.0,0.5265151515151515,1.0,0.5,0.0
BOOKKEEPER,1,12.732615083251714,9.10871694417238,13.614103819784525,NoFilter,OverSampling,SensitiveThreshold,NaiveBayes,137.0,120.0,5.0,2.0,0.5330739299610895,0.9856115107913669,0.5128057553956834,0.026889842286542846
BOOKKEEPER,1,12.732615083251714,9.10871694417238,13.614103819784525,NoFilter,OverSampling,SensitiveThreshold,IBk,113.0,67.0,58.0,26.0,0.6277777777777778,0.8129496402877698,0.6384748201438849,0.28160112359550554
BOOKKEEPER,1,12.732615083251714,9.10871694417238,13.614103819784525,NoFilter,OverSampling,SensitiveLearning,RandomForest,120.0,95.0,30.0,19.0,0.5581395348837209,0.8633093525179856,0.7024172661870504,0.10657246333788535
BOOKKEEPER,1,12.732615083251714,9.10871694417238,13.614103819784525,NoFilter,OverSampling,SensitiveLearning,NaiveBayes,118.0,76.0,49.0,21.0,0.6082474226804123,0.8489208633093526,0.6466762589928058,0.24638022366097698
BOOKKEEPER,1,12.732615083251714,9.10871694417238,13.614103819784525,NoFilter,OverSampling,SensitiveLearning,IBk,133.0,90.0,35.0,6.0,0.5964125560538116,0.9568345323741008,0.5530935251798561,0.2451301602430452
BOOKKEEPER,1,12.732615083251714,9.10871694417238,13.614103819784525,NoFilter,SMOTESampling,NoCostSensitive,RandomForest,116.0,73.0,52.0,23.0,0.6137566137566137,0.8345323741007195,0.7406618705035971,0.2556828193832598
BOOKKEEPER,1,12.732615083251714,9.10871694417238,13.614103819784525,NoFilter,SMOTESampling,NoCostSensitive,NaiveBayes,136.0,119.0,6.0,3.0,0.5333333333333333,0.9784172661870504,0.6727194244604316,0.027712370947292137
BOOKKEEPER,1,12.732615083251714,9.10871694417238,13.614103819784525,NoFilter,SMOTESampling,NoCostSensitive,IBk,106.0,67.0,58.0,33.0,0.6127167630057804,0.762589928057554,0.6132949640287769,0.2297368267491393
BOOKKEEPER,1,12.732615083251714,9.10871694417238,13.614103819784525,NoFilter,SMOTESampling,SensitiveThreshold,RandomForest,139.0,125.0,0.0,0.0,0.5265151515151515,1.0,0.5,0.0
BOOKKEEPER,1,12.732615083251714,9.10871694417238,13.614103819784525,NoFilter,SMOTESampling,SensitiveThreshold,NaiveBayes,137.0,119.0,6.0,2.0,0.53515625,0.9856115107913669,0.5168057553956834,0.03527422082628656
BOOKKEEPER,1,12.732615083251714,9.10871694417238,13.614103819784525,NoFilter,SMOTESampling,SensitiveThreshold,IBk,106.0,67.0,58.0,33.0,0.6127167630057804,0.762589928057554,0.6132949640287769,0.2297368267491393
BOOKKEEPER,1,12.732615083251714,9.10871694417238,13.614103819784525,NoFilter,SMOTESampling,SensitiveLearning,RandomForest,138.0,125.0,0.0,1.0,0.5247148288973384,0.9928057553956835,0.7194244604316546,-0.007572544980917232
BOOKKEEPER,1,12.732615083251714,9.10871694417238,13.614103819784525,NoFilter,SMOTESampling,SensitiveLearning,NaiveBayes,118.0,84.0,41.0,21.0,0.5841584158415841,0.8489208633093526,0.6384748201438849,0.18152828628794154
BOOKKEEPER,1,12.732615083251714,9.10871694417238,13.614103819784525,NoFilter,SMOTESampling,SensitiveLearning,IBk,131.0,88.0,37.0,8.0,0.5981735159817352,0.9424460431654677,0.584863309352518,0.24638715432649422
BOOKKEEPER,1,12.732615083251714,9.10871694417238,13.614103819784525,BestFirstFilter,NoSampling,NoCostSensitive,RandomForest,130.0,74.0,51.0,9.0,0.6372549019607843,0.935251798561151,0.7791654676258993,0.352482269503546
BOOKKEEPER,1,12.732615083251714,9.10871694417238,13.614103819784525,BestFirstFilter,NoSampling,NoCostSensitive,NaiveBayes,138.0,114.0,11.0,1.0,0.5476190476190477,0.9928057553956835,0.6933812949640288,0.08465991316931984
BOOKKEEPER,1,12.732615083251714,9.10871694417238,13.614103819784525,BestFirstFilter,NoSampling,NoCostSensitive,IBk,130.0,71.0,54.0,9.0,0.6467661691542289,0.935251798561151,0.6836258992805755,0.37666017354347453
BOOKKEEPER,1,12.732615083251714,9.10871694417238,13.614103819784525,BestFirstFilter,NoSampling,SensitiveThreshold,RandomForest,139.0,112.0,13.0,0.0,0.5537848605577689,1.0,0.552,0.10891447170152509
BOOKKEEPER,1,12.732615083251714,9.10871694417238,13.614103819784525,BestFirstFilter,NoSampling,SensitiveThreshold,NaiveBayes,138.0,122.0,3.0,1.0,0.5307692307692308,0.9928057553956835,0.5084028776978418,0.01766698935140369
BOOKKEEPER,1,12.732615083251714,9.10871694417238,13.614103819784525,BestFirstFilter,NoSampling,SensitiveThreshold,IBk,130.0,71.0,54.0,9.0,0.6467661691542289,0.935251798561151,0.6836258992805755,0.37666017354347453
BOOKKEEPER,1,12.732615083251714,9.10871694417238,13.614103819784525,BestFirstFilter,NoSampling,SensitiveLearning,RandomForest,139.0,125.0,0.0,0.0,0.5265151515151515,1.0,0.7734964028776978,0.0
BOOKKEEPER,1,12.732615083251714,9.10871694417238,13.614103819784525,BestFirstFilter,NoSampling,SensitiveLearning,NaiveBayes,138.0,122.0,3.0,1.0,0.5307692307692308,0.9928057553956835,0.6933812949640288,0.01766698935140369
BOOKKEEPER,1,12.732615083251714,9.10871694417238,13.614103819784525,BestFirstFilter,NoSampling,SensitiveLearning,IBk,130.0,71.0,54.0,9.0,0.6467661691542289,0.935251798561151,0.6836258992805755,0.37666017354347453
BOOKKEEPER,1,12.732615083251714,9.10871694417238,13.614103819784525,BestFirstFilter,UnderSampling,NoCostSensitive,RandomForest,83.0,24.0,101.0,56.0,0.7757009345794392,0.5971223021582733,0.7484892086330935,0.3999659071538157
BOOKKEEPER,1,12.732615083251714,9.10871694417238,13.614103819784525,BestFirstFilter,UnderSampling,NoCostSensitive,NaiveBayes,105.0,65.0,60.0,34.0,0.6176470588235294,0.7553956834532374,0.609726618705036,0.2383727707191981
BOOKKEEPER,1,12.732615083251714,9.10871694417238,13.614103819784525,BestFirstFilter,UnderSampling,NoCostSensitive,IBk,89.0,31.0,94.0,50.0,0.7416666666666667,0.6402877697841727,0.6961438848920863,0.38930774503084314
BOOKKEEPER,1,12.732615083251714,9.10871694417238,13.614103819784525,BestFirstFilter,UnderSampling,SensitiveThreshold,RandomForest,127.0,89.0,36.0,12.0,0.5879629629629629,0.9136690647482014,0.6008345323741007,0.20812544547398426
BOOKKEEPER,1,12.732615083251714,9.10871694417238,13.614103819784525,BestFirstFilter,UnderSampling,SensitiveThreshold,NaiveBayes,114.0,70.0,55.0,25.0,0.6195652173913043,0.8201438848920863,0.6300719424460431,0.2649472450175849
BOOKKEEPER,1,12.732615083251714,9.10871694417238,13.614103819784525,BestFirstFilter,UnderSampling,SensitiveThreshold,IBk,139.0,125.0,0.0,0.0,0.5265151515151515,1.0,0.5,0.0
BOOKKEEPER,1,12.732615083251714,9.10871694417238,13.614103819784525,BestFirstFilter,UnderSampling,SensitiveLearning,RandomForest,34.0,3.0,122.0,105.0,0.918918918918919,0.2446043165467626,0.7452661870503597,0.2118967328210515
BOOKKEEPER,1,12.732615083251714,9.10871694417238,13.614103819784525,BestFirstFilter,UnderSampling,SensitiveLearning,NaiveBayes,67.0,20.0,105.0,72.0,0.7701149425287356,0.48201438848920863,0.7050071942446043,0.31540673093184507
BOOKKEEPER,1,12.732615083251714,9.10871694417238,13.614103819784525,BestFirstFilter,UnderSampling,SensitiveLearning,IBk,43.0,4.0,121.0,96.0,0.9148936170212766,0.30935251798561153,0.6386762589928058,0.26743992452411347
BOOKKEEPER,1,12.732615083251714,9.10871694417238,13.614103819784525,BestFirstFilter,OverSampling,NoCostSensitive,RandomForest,126.0,69.0,56.0,13.0,0.6461538461538462,0.9064748201438849,0.7632517985611511,0.3626567744214804
BOOKKEEPER,1,12.732615083251714,9.10871694417238,13.614103819784525,BestFirstFilter,OverSampling,NoCostSensitive,NaiveBayes,138.0,111.0,14.0,1.0,0.5542168674698795,0.9928057553956835,0.6902446043165468,0.10966576332429998
BOOKKEEPER,1,12.732615083251714,9.10871694417238,13.614103819784525,BestFirstFilter,OverSampling,NoCostSensitive,IBk,130.0,71.0,54.0,9.0,0.6467661691542289,0.935251798561151,0.7300143884892086,0.37666017354347453
BOOKKEEPER,1,12.732615083251714,9.10871694417238,13.614103819784525,BestFirstFilter,OverSampling,SensitiveThreshold,RandomForest,138.0,101.0,24.0,1.0,0.5774058577405857,0.9928057553956835,0.5924028776978417,0.19256371814092949
BOOKKEEPER,1,12.732615083251714,9.10871694417238,13.614103819784525,BestFirstFilter,OverSampling,SensitiveThreshold,NaiveBayes,138.0,114.0,11.0,1.0,0.5476190476190477,0.9928057553956835,0.5404028776978417,0.08465991316931984
BOOKKEEPER,1,12.732615083251714,9.10871694417238,13.614103819784525,BestFirstFilter,OverSampling,SensitiveThreshold,IBk,130.0,71.0,54.0,9.0,0.6467661691542289,0.935251798561151,0.6836258992805755,0.37666017354347453
BOOKKEEPER,1,12.732615083251714,9.10871694417238,13.614103819784525,BestFirstFilter,OverSampling,SensitiveLearning,RandomForest,132.0,97.0,28.0,7.0,0.5764192139737991,0.9496402877697842,0.6959136690647482,0.18017318602567944
BOOKKEEPER,1,12.732615083251714,9.10871694417238,13.614103819784525,BestFirstFilter,OverSampling,SensitiveLearning,NaiveBayes,115.0,74.0,51.0,24.0,0.6084656084656085,0.8273381294964028,0.6662158273381295,0.24017621145374443
BOOKKEEPER,1,12.732615083251714,9.10871694417238,13.614103819784525,BestFirstFilter,OverSampling,SensitiveLearning,IBk,132.0,92.0,33.0,7.0,0.5892857142857143,0.9496402877697842,0.5600575539568345,0.22121573301549471
BOOKKEEPER,1,12.732615083251714,9.10871694417238,13.614103819784525,BestFirstFilter,SMOTESampling,NoCostSensitive,RandomForest,120.0,69.0,56.0,19.0,0.6349206349206349,0.8633093525179856,0.7790503597122302,0.3177092511013215
BOOKKEEPER,1,12.732615083251714,9.10871694417238,13.614103819784525,BestFirstFilter,SMOTESampling,NoCostSensitive,NaiveBayes,138.0,116.0,9.0,1.0,0.5433070866141733,0.9928057553956835,0.6940431654676259,0.06795413397706689
BOOKKEEPER,1,12.732615083251714,9.10871694417238,13.614103819784525,BestFirstFilter,SMOTESampling,NoCostSensitive,IBk,118.0,62.0,63.0,21.0,0.6555555555555556,0.8489208633093526,0.6764604316546763,0.3588483146067414
BOOKKEEPER,1,12.732615083251714,9.10871694417238,13.614103819784525,BestFirstFilter,SMOTESampling,SensitiveThreshold,RandomForest,137.0,103.0,22.0,2.0,0.5708333333333333,0.9856115107913669,0.5808057553956835,0.16846652267818576
BOOKKEEPER,1,12.732615083251714,9.10871694417238,13.614103819784525,BestFirstFilter,SMOTESampling,SensitiveThreshold,NaiveBayes,138.0,121.0,4.0,1.0,0.5328185328185329,0.9928057553956835,0.5124028776978418,0.026065920774115466
BOOKKEEPER,1,12.732615083251714,9.10871694417238,13.614103819784525,BestFirstFilter,SMOTESampling,SensitiveThreshold,IBk,118.0,62.0,63.0,21.0,0.6555555555555556,0.8489208633093526,0.6764604316546763,0.3588483146067414
BOOKKEEPER,1,12.732615083251714,9.10871694417238,13.614103819784525,BestFirstFilter,SMOTESampling,SensitiveLearning,RandomForest,133.0,101.0,24.0,6.0,0.5683760683760684,0.9568345323741008,0.753179856115108,0.15475763016157987
BOOKKEEPER,1,12.732615083251714,9.10871694417238,13.614103819784525,BestFirstFilter,SMOTESampling,SensitiveLearning,NaiveBayes,121.0,79.0,46.0,18.0,0.605,0.8705035971223022,0.6684604316546763,0.24451262685862638
BOOKKEEPER,1,12.732615083251714,9.10871694417238,13.614103819784525,BestFirstFilter,SMOTESampling,SensitiveLearning,IBk,132.0,88.0,37.0,7.0,0.6,0.9496402877697842,0.5838561151079137,0.2539267015706807
BOOKKEEPER,2,38.5896180215475,22.722820763956904,7.1498530852105775,NoFilter,NoSampling,NoCostSensitive,RandomForest,54.0,8.0,145.0,19.0,0.8709677419354839,0.7397260273972602,0.7731220342018086,0.7156305340665488
BOOKKEEPER,2,38.5896180215475,22.722820763956904,7.1498530852105775,NoFilter,NoSampling,NoCostSensitive,NaiveBayes,58.0,10.0,143.0,15.0,0.8529411764705882,0.7945205479452054,0.949861223028024,0.742456012398578
BOOKKEEPER,2,38.5896180215475,22.722820763956904,7.1498530852105775,NoFilter,NoSampling,NoCostSensitive,IBk,47.0,25.0,128.0,26.0,0.6527777777777778,0.6438356164383562,0.7402184618139493,0.48216371641656935
BOOKKEEPER,2,38.5896180215475,22.722820763956904,7.1498530852105775,NoFilter,NoSampling,SensitiveThreshold,RandomForest,73.0,153.0,0.0,0.0,0.3230088495575221,1.0,0.5,0.0
BOOKKEEPER,2,38.5896180215475,22.722820763956904,7.1498530852105775,NoFilter,NoSampling,SensitiveThreshold,NaiveBayes,72.0,64.0,89.0,1.0,0.5294117647058824,0.9863013698630136,0.7840003581341213,0.46343779677113006
BOOKKEEPER,2,38.5896180215475,22.722820763956904,7.1498530852105775,NoFilter,NoSampling,SensitiveThreshold,IBk,47.0,25.0,128.0,26.0,0.6527777777777778,0.6438356164383562,0.7402184618139493,0.48216371641656935
BOOKKEEPER,2,38.5896180215475,22.722820763956904,7.1498530852105775,NoFilter,NoSampling,SensitiveLearning,RandomForest,73.0,153.0,0.0,0.0,0.3230088495575221,1.0,0.8939027665860865,0.0
BOOKKEEPER,2,38.5896180215475,22.722820763956904,7.1498530852105775,NoFilter,NoSampling,SensitiveLearning,NaiveBayes,72.0,64.0,89.0,1.0,0.5294117647058824,0.9863013698630136,0.9485182200734175,0.46343779677113006
BOOKKEEPER,2,38.5896180215475,22.722820763956904,7.1498530852105775,NoFilter,NoSampling,SensitiveLearning,IBk,47.0,25.0,128.0,26.0,0.6527777777777778,0.6438356164383562,0.7402184618139493,0.48216371641656935
BOOKKEEPER,2,38.5896180215475,22.722820763956904,7.1498530852105775,NoFilter,UnderSampling,NoCostSensitive,RandomForest,0.0,0.0,153.0,73.0,0.0,0.0,0.6966603993195452,0.0
BOOKKEEPER,2,38.5896180215475,22.722820763956904,7.1498530852105775,NoFilter,UnderSampling,NoCostSensitive,NaiveBayes,31.0,96.0,57.0,42.0,0.2440944881889764,0.4246575342465753,0.3409436834094368,-0.16993022732388022
BOOKKEEPER,2,38.5896180215475,22.722820763956904,7.1498530852105775,NoFilter,UnderSampling,NoCostSensitive,IBk,1.0,6.0,147.0,72.0,0.14285714285714285,0.0136986301369863,0.48724147193123823,-0.03341540626099191
BOOKKEEPER,2,38.5896180215475,22.722820763956904,7.1498530852105775,NoFilter,UnderSampling,SensitiveThreshold,RandomForest,73.0,153.0,0.0,0.0,0.3230088495575221,1.0,0.5,0.0
BOOKKEEPER,2,38.5896180215475,22.722820763956904,7.1498530852105775,NoFilter,UnderSampling,SensitiveThreshold,NaiveBayes,31.0,96.0,57.0,42.0,0.2440944881889764,0.4246575342465753,0.39860327692720926,-0.16993022732388022
BOOKKEEPER,2,38.5896180215475,22.722820763956904,7.1498530852105775,NoFilter,UnderSampling,SensitiveThreshold,IBk,73.0,153.0,0.0,0.0,0.3230088495575221,1.0,0.5,0.0
BOOKKEEPER,2,38.5896180215475,22.722820763956904,7.1498530852105775,NoFilter,UnderSampling,SensitiveLearning,RandomForest,0.0,0.0,153.0,73.0,0.0,0.0,0.5627182379801235,0.0
BOOKKEEPER,2,38.5896180215475,22.722820763956904,7.1498530852105775,NoFilter,UnderSampling,SensitiveLearning,NaiveBayes,38.0,43.0,110.0,35.0,0.4691358024691358,0.5205479452054794,0.6839914047810906,0.232831403951606
BOOKKEEPER,2,38.5896180215475,22.722820763956904,7.1498530852105775,NoFilter,UnderSampling,SensitiveLearning,IBk,3.0,4.0,149.0,70.0,0.42857142857142855,0.0410958904109589,0.5074760497806429,0.019580255598546224
BOOKKEEPER,2,38.5896180215475,22.722820763956904,7.1498530852105775,NoFilter,OverSampling,NoCostSensitive,RandomForest,48.0,7.0,146.0,25.0,0.8727272727272727,0.6575342465753424,0.7516339869281046,0.6539381759020002
BOOKKEEPER,2,38.5896180215475,22.722820763956904,7.1498530852105775,NoFilter,OverSampling,NoCostSensitive,NaiveBayes,29.0,4.0,149.0,44.0,0.8787878787878788,0.3972602739726027,0.9631121855134748,0.433169610199603
BOOKKEEPER,2,38.5896180215475,22.722820763956904,7.1498530852105775,NoFilter,OverSampling,NoCostSensitive,IBk,44.0,24.0,129.0,29.0,0.6470588235294118,0.6027397260273972,0.8205748052645716,0.4540067462849849
BOOKKEEPER,2,38.5896180215475,22.722820763956904,7.1498530852105775,NoFilter,OverSampling,SensitiveThreshold,RandomForest,71.0,153.0,0.0,2.0,0.3169642857142857,0.9726027397260274,0.4863013698630137,-0.01778139345691213
BOOKKEEPER,2,38.5896180215475,22.722820763956904,7.1498530852105775,NoFilter,OverSampling,SensitiveThreshold,NaiveBayes,60.0,10.0,143.0,13.0,0.8571428571428571,0.821917808219178,0.8782791655474975,0.7647750927685762
BOOKKEEPER,2,38.5896180215475,22.722820763956904,7.1498530852105775,NoFilter,OverSampling,SensitiveThreshold,IBk,44.0,24.0,129.0,29.0,0.6470588235294118,0.6027397260273972,0.7229384904646791,0.4540067462849849
BOOKKEEPER,2,38.5896180215475,22.722820763956904,7.1498530852105775,NoFilter,OverSampling,SensitiveLearning,RandomForest,51.0,10.0,143.0,22.0,0.8360655737704918,0.6986301369863014,0.8615811621452234,0.6617082982505379
BOOKKEEPER,2,38.5896180215475,22.722820763956904,7.1498530852105775,NoFilter,OverSampling,SensitiveLearning,NaiveBayes,13.0,4.0,149.0,60.0,0.7647058823529411,0.1780821917808219,0.9400573014593966,0.1900548773658865
BOOKKEEPER,2,38.5896180215475,22.722820763956904,7.1498530852105775,NoFilter,OverSampling,SensitiveLearning,IBk,70.0,9.0,144.0,3.0,0.8860759493670886,0.958904109589041,0.9420270391261527,0.8811464633184328
BOOKKEEPER,2,38.5896180215475,22.722820763956904,7.1498530852105775,NoFilter,SMOTESampling,NoCostSensitive,RandomForest,40.0,3.0,150.0,33.0,0.9302325581395349,0.547945205479452,0.7822544542931328,0.5919349984953355
BOOKKEEPER,2,38.5896180215475,22.722820763956904,7.1498530852105775,NoFilter,SMOTESampling,NoCostSensitive,NaiveBayes,52.0,9.0,144.0,21.0,0.8524590163934426,0.7123287671232876,0.9279255081027845,0.6828515296098794
BOOKKEEPER,2,38.5896180215475,22.722820763956904,7.1498530852105775,NoFilter,SMOTESampling,NoCostSensitive,IBk,46.0,24.0,129.0,27.0,0.6571428571428571,0.6301369863013698,0.7366371206016653,0.478414336139017
BOOKKEEPER,2,38.5896180215475,22.722820763956904,7.1498530852105775,NoFilter,SMOTESampling,SensitiveThreshold,RandomForest,67.0,153.0,0.0,6.0,0.30454545454545456,0.9178082191780822,0.4589041095890411,-0.05384480028154141
BOOKKEEPER,2,38.5896180215475,22.722820763956904,7.1498530852105775,NoFilter,SMOTESampling,SensitiveThreshold,NaiveBayes,70.0,71.0,82.0,3.0,0.49645390070921985,0.958904109589041,0.7474259110036708,0.3979408164734683
BOOKKEEPER,2,38.5896180215475,22.722820763956904,7.1498530852105775,NoFilter,SMOTESampling,SensitiveThreshold,IBk,46.0,24.0,129.0,27.0,0.6571428571428571,0.6301369863013698,0.7366371206016653,0.478414336139017
BOOKKEEPER,2,38.5896180215475,22.722820763956904,7.1498530852105775,NoFilter,SMOTESampling,SensitiveLearning,RandomForest,71.0,153.0,0.0,2.0,0.3169642857142857,0.9726027397260274,0.9198674903751455,-0.01778139345691213
BOOKKEEPER,2,38.5896180215475,22.722820763956904,7.1498530852105775,NoFilter,SMOTESampling,SensitiveLearning,NaiveBayes,20.0,7.0,146.0,53.0,0.7407407407407407,0.273972602739726,0.9376398961411049,0.27323400150069693
BOOKKEEPER,2,38.5896180215475,22.722820763956904,7.1498530852105775,NoFilter,SMOTESampling,SensitiveLearning,IBk,69.0,111.0,42.0,4.0,0.38333333333333336,0.9452054794520548,0.7373086220789685,0.15884523270114573
BOOKKEEPER,2,38.5896180215475,22.722820763956904,7.1498530852105775,BestFirstFilter,NoSampling,NoCostSensitive,RandomForest,64.0,90.0,63.0,9.0,0.4155844155844156,0.8767123287671232,0.76103500761035,0.22361024359775136
BOOKKEEPER,2,38.5896180215475,22.722820763956904,7.1498530852105775,BestFirstFilter,NoSampling,NoCostSensitive,NaiveBayes,4.0,7.0,146.0,69.0,0.36363636363636365,0.0547945205479452,0.8813680723430924,0.011623892277592508
BOOKKEEPER,2,38.5896180215475,22.722820763956904,7.1498530852105775,BestFirstFilter,NoSampling,NoCostSensitive,IBk,47.0,84.0,69.0,26.0,0.35877862595419846,0.6438356164383562,0.5551078879040201,0.07850841426347398
BOOKKEEPER,2,38.5896180215475,22.722820763956904,7.1498530852105775,BestFirstFilter,NoSampling,SensitiveThreshold,RandomForest,73.0,148.0,5.0,0.0,0.33031674208144796,1.0,0.5163398692810458,0.021358768798642343
BOOKKEEPER,2,38.5896180215475,22.722820763956904,7.1498530852105775,BestFirstFilter,NoSampling,SensitiveThreshold,NaiveBayes,73.0,27.0,126.0,0.0,0.73,1.0,0.9117647058823529,0.7509184423218223
BOOKKEEPER,2,38.5896180215475,22.722820763956904,7.1498530852105775,BestFirstFilter,NoSampling,SensitiveThreshold,IBk,47.0,84.0,69.0,26.0,0.35877862595419846,0.6438356164383562,0.5474080042976095,0.07850841426347398
BOOKKEEPER,2,38.5896180215475,22.722820763956904,7.1498530852105775,BestFirstFilter,NoSampling,SensitiveLearning,RandomForest,73.0,148.0,5.0,0.0,0.33031674208144796,1.0,0.8267526188557615,0.021358768798642343
BOOKKEEPER,2,38.5896180215475,22.722820763956904,7.1498530852105775,BestFirstFilter,NoSampling,SensitiveLearning,NaiveBayes,73.0,27.0,126.0,0.0,0.73,1.0,0.8813680723430924,0.7509184423218223
BOOKKEEPER,2,38.5896180215475,22.722820763956904,7.1498530852105775,BestFirstFilter,NoSampling,SensitiveLearning,IBk,47.0,84.0,69.0,26.0,0.35877862595419846,0.6438356164383562,0.5551078879040201,0.07850841426347398
BOOKKEEPER,2,38.5896180215475,22.722820763956904,7.1498530852105775,BestFirstFilter,UnderSampling,NoCostSensitive,RandomForest,4.0,75.0,78.0,69.0,0.05063291139240506,0.0547945205479452,0.44399677679290894,-0.4262424401788063
BOOKKEEPER,2,38.5896180215475,22.722820763956904,7.1498530852105775,BestFirstFilter,UnderSampling,NoCostSensitive,NaiveBayes,41.0,99.0,54.0,32.0,0.29285714285714287,0.5616438356164384,0.5594950308890679,-0.06888584013286161
BOOKKEEPER,2,38.5896180215475,22.722820763956904,7.1498530852105775,BestFirstFilter,UnderSampling,NoCostSensitive,IBk,12.0,15.0,138.0,61.0,0.4444444444444444,0.1643835616438356,0.5331721729787805,0.0794297352342161
BOOKKEEPER,2,38.5896180215475,22.722820763956904,7.1498530852105775,BestFirstFilter,UnderSampling,SensitiveThreshold,RandomForest,68.0,95.0,58.0,5.0,0.4171779141104294,0.9315068493150684,0.6552959083176649,0.23488387839393318
BOOKKEEPER,2,38.5896180215475,22.722820763956904,7.1498530852105775,BestFirstFilter,UnderSampling,SensitiveThreshold,NaiveBayes,53.0,123.0,30.0,20.0,0.30113636363636365,0.726027397260274,0.4610529143164115,-0.056903656223428606
BOOKKEEPER,2,38.5896180215475,22.722820763956904,7.1498530852105775,BestFirstFilter,UnderSampling,SensitiveThreshold,IBk,73.0,153.0,0.0,0.0,0.3230088495575221,1.0,0.5,0.0
BOOKKEEPER,2,38.5896180215475,22.722820763956904,7.1498530852105775,BestFirstFilter,UnderSampling,SensitiveLearning,RandomForest,2.0,16.0,137.0,71.0,0.1111111111111111,0.0273972602739726,0.4703196347031963,-0.09610881926636186
BOOKKEEPER,2,38.5896180215475,22.722820763956904,7.1498530852105775,BestFirstFilter,UnderSampling,SensitiveLearning,NaiveBayes,22.0,45.0,108.0,51.0,0.3283582089552239,0.3013698630136986,0.4185692541856925,0.007411474059840739
BOOKKEEPER,2,38.5896180215475,22.722820763956904,7.1498530852105775,BestFirstFilter,UnderSampling,SensitiveLearning,IBk,10.0,14.0,139.0,63.0,0.4166666666666667,0.136986301369863,0.5227415166980034,0.055163427082202406
BOOKKEEPER,2,38.5896180215475,22.722820763956904,7.1498530852105775,BestFirstFilter,OverSampling,NoCostSensitive,RandomForest,57.0,67.0,86.0,16.0,0.4596774193548387,0.7808219178082192,0.6298683857104486,0.289953819365584
BOOKKEEPER,2,38.5896180215475,22.722820763956904,7.1498530852105775,BestFirstFilter,OverSampling,NoCostSensitive,NaiveBayes,3.0,7.0,146.0,70.0,0.3,0.0410958904109589,0.8875458859342824,-0.006012255752110048
BOOKKEEPER,2,38.5896180215475,22.722820763956904,7.1498530852105775,BestFirstFilter,OverSampling,NoCostSensitive,IBk,46.0,73.0,80.0,27.0,0.3865546218487395,0.6301369863013698,0.4491449547855672,0.131370589591821
BOOKKEEPER,2,38.5896180215475,22.722820763956904,7.1498530852105775,BestFirstFilter,OverSampling,SensitiveThreshold,RandomForest,73.0,132.0,21.0,0.0,0.35609756097560974,1.0,0.5686274509803921,0.09319715484223962
BOOKKEEPER,2,38.5896180215475,22.722820763956904,7.1498530852105775,BestFirstFilter,OverSampling,SensitiveThreshold,NaiveBayes,16.0,13.0,140.0,57.0,0.5517241379310345,0.2191780821917808,0.5671053809651715,0.1593155489425018
BOOKKEEPER,2,38.5896180215475,22.722820763956904,7.1498530852105775,BestFirstFilter,OverSampling,SensitiveThreshold,IBk,46.0,83.0,70.0,27.0,0.35658914728682173,0.6301369863013698,0.5438266630853255,0.07301066447908122
BOOKKEEPER,2,38.5896180215475,22.722820763956904,7.1498530852105775,BestFirstFilter,OverSampling,SensitiveLearning,RandomForest,71.0,143.0,10.0,2.0,0.3317757009345794,0.9726027397260274,0.6961231981377025,0.025224582069129635
BOOKKEEPER,2,38.5896180215475,22.722820763956904,7.1498530852105775,BestFirstFilter,OverSampling,SensitiveLearning,NaiveBayes,14.0,8.0,145.0,59.0,0.6363636363636364,0.1917808219178082,0.9150326797385621,0.17066491401029676
BOOKKEEPER,2,38.5896180215475,22.722820763956904,7.1498530852105775,BestFirstFilter,OverSampling,SensitiveLearning,IBk,73.0,117.0,36.0,0.0,0.38421052631578945,1.0,0.894350434237622,0.16581487791027819
BOOKKEEPER,2,38.5896180215475,22.722820763956904,7.1498530852105775,BestFirstFilter,SMOTESampling,NoCostSensitive,RandomForest,51.0,59.0,94.0,22.0,0.4636363636363636,0.6986301369863014,0.7257587966693527,0.2763854850185785
BOOKKEEPER,2,38.5896180215475,22.722820763956904,7.1498530852105775,BestFirstFilter,SMOTESampling,NoCostSensitive,NaiveBayes,3.0,8.0,145.0,70.0,0.2727272727272727,0.0410958904109589,0.8237980123556272,-0.014386005294049837
BOOKKEEPER,2,38.5896180215475,22.722820763956904,7.1498530852105775,BestFirstFilter,SMOTESampling,NoCostSensitive,IBk,41.0,70.0,83.0,32.0,0.36936936936936937,0.5616438356164384,0.5571671591010834,0.09165418866734967
BOOKKEEPER,2,38.5896180215475,22.722820763956904,7.1498530852105775,BestFirstFilter,SMOTESampling,SensitiveThreshold,RandomForest,73.0,125.0,28.0,0.0,0.3686868686868687,1.0,0.5915032679738562,0.1264147442637145
BOOKKEEPER,2,38.5896180215475,22.722820763956904,7.1498530852105775,BestFirstFilter,SMOTESampling,SensitiveThreshold,NaiveBayes,16.0,21.0,132.0,57.0,0.43243243243243246,0.2191780821917808,0.5409615901154983,0.09404872032069071
BOOKKEEPER,2,38.5896180215475,22.722820763956904,7.1498530852105775,BestFirstFilter,SMOTESampling,SensitiveThreshold,IBk,41.0,70.0,83.0,32.0,0.36936936936936937,0.5616438356164384,0.5520637478735787,0.09165418866734967
BOOKKEEPER,2,38.5896180215475,22.722820763956904,7.1498530852105775,BestFirstFilter,SMOTESampling,SensitiveLearning,RandomForest,72.0,144.0,9.0,1.0,0.3333333333333333,0.9863013698630136,0.6882442474706778,0.029841908934809667
BOOKKEEPER,2,38.5896180215475,22.722820763956904,7.1498530852105775,BestFirstFilter,SMOTESampling,SensitiveLearning,NaiveBayes,21.0,9.0,144.0,52.0,0.7,0.2876712328767123,0.9100635688065181,0.2705048153243731
BOOKKEEPER,2,38.5896180215475,22.722820763956904,7.1498530852105775,BestFirstFilter,SMOTESampling,SensitiveLearning,IBk,73.0,121.0,32.0,0.0,0.37628865979381443,1.0,0.9111379711702032,0.1459179211693422
BOOKKEEPER,3,60.72477962781587,29.872673849167484,6.758080313418217,NoFilter,NoSampling,NoCostSensitive,RandomForest,60.0,19.0,30.0,9.0,0.759493670886076,0.8695652173913043,0.808340727595386,0.49649497104541296
BOOKKEEPER,3,60.72477962781587,29.872673849167484,6.758080313418217,NoFilter,NoSampling,NoCostSensitive,NaiveBayes,61.0,15.0,34.0,8.0,0.8026315789473685,0.8840579710144928,0.8583259390712807,0.590154032014497
BOOKKEEPER,3,60.72477962781587,29.872673849167484,6.758080313418217,NoFilter,NoSampling,NoCostSensitive,IBk,53.0,17.0,32.0,16.0,0.7571428571428571,0.7681159420289855,0.7105885832593907,0.4224265796499554
BOOKKEEPER,3,60.72477962781587,29.872673849167484,6.758080313418217,NoFilter,NoSampling,SensitiveThreshold,RandomForest,69.0,49.0,0.0,0.0,0.5847457627118644,1.0,0.5,0.0
BOOKKEEPER,3,60.72477962781587,29.872673849167484,6.758080313418217,NoFilter,NoSampling,SensitiveThreshold,NaiveBayes,68.0,38.0,11.0,1.0,0.6415094339622641,0.9855072463768116,0.6049985211475895,0.23580205911657248
BOOKKEEPER,3,60.72477962781587,29.872673849167484,6.758080313418217,NoFilter,NoSampling,SensitiveThreshold,IBk,53.0,17.0,32.0,16.0,0.7571428571428571,0.7681159420289855,0.7105885832593907,0.4224265796499554
BOOKKEEPER,3,60.72477962781587,29.872673849167484,6.758080313418217,NoFilter,NoSampling,SensitiveLearning,RandomForest,69.0,49.0,0.0,0.0,0.5847457627118644,1.0,0.7840875480627033,0.0
BOOKKEEPER,3,60.72477962781587,29.872673849167484,6.758080313418217,NoFilter,NoSampling,SensitiveLearning,NaiveBayes,68.0,38.0,11.0,1.0,0.6415094339622641,0.9855072463768116,0.857438627624963,0.23580205911657248
BOOKKEEPER,3,60.72477962781587,29.872673849167484,6.758080313418217,NoFilter,NoSampling,SensitiveLearning,IBk,53.0,17.0,32.0,16.0,0.7571428571428571,0.7681159420289855,0.7105885832593907,0.4224265796499554
BOOKKEEPER,3,60.72477962781587,29.872673849167484,6.758080313418217,NoFilter,UnderSampling,NoCostSensitive,RandomForest,0.0,0.0,49.0,69.0,0.0,0.0,0.8327417923691216,0.0
BOOKKEEPER,3,60.72477962781587,29.872673849167484,6.758080313418217,NoFilter,UnderSampling,NoCostSensitive,NaiveBayes,12.0,1.0,48.0,57.0,0.9230769230769231,0.17391304347826086,0.681307305530908,0.13169246384166455
BOOKKEEPER,3,60.72477962781587,29.872673849167484,6.758080313418217,NoFilter,UnderSampling,NoCostSensitive,IBk,46.0,15.0,34.0,23.0,0.7540983606557377,0.6666666666666666,0.6802721088435374,0.35221034383126254
BOOKKEEPER,3,60.72477962781587,29.872673849167484,6.758080313418217,NoFilter,UnderSampling,SensitiveThreshold,RandomForest,68.0,26.0,23.0,1.0,0.723404255319149,0.9855072463768116,0.7274475007394262,0.4912168636218462
BOOKKEEPER,3,60.72477962781587,29.872673849167484,6.758080313418217,NoFilter,UnderSampling,SensitiveThreshold,NaiveBayes,12.0,1.0,48.0,57.0,0.9230769230769231,0.17391304347826086,0.5767524401064774,0.13169246384166455
BOOKKEEPER,3,60.72477962781587,29.872673849167484,6.758080313418217,NoFilter,UnderSampling,SensitiveThreshold,IBk,69.0,49.0,0.0,0.0,0.5847457627118644,1.0,0.5,0.0
BOOKKEEPER,3,60.72477962781587,29.872673849167484,6.758080313418217,NoFilter,UnderSampling,SensitiveLearning,RandomForest,1.0,0.0,49.0,68.0,1.0,0.014492753623188406,0.8225377107364685,0.012065993597635986
BOOKKEEPER,3,60.72477962781587,29.872673849167484,6.758080313418217,NoFilter,UnderSampling,SensitiveLearning,NaiveBayes,24.0,3.0,46.0,45.0,0.8888888888888888,0.34782608695652173,0.7858621709553386,0.2549329123914758
BOOKKEEPER,3,60.72477962781587,29.872673849167484,6.758080313418217,NoFilter,UnderSampling,SensitiveLearning,IBk,33.0,5.0,44.0,36.0,0.868421052631579,0.4782608695652174,0.6881100266193434,0.34462205364399895
BOOKKEEPER,3,60.72477962781587,29.872673849167484,6.758080313418217,NoFilter,OverSampling,NoCostSensitive,RandomForest,60.0,19.0,30.0,9.0,0.759493670886076,0.8695652173913043,0.7598343685300207,0.49649497104541296
BOOKKEEPER,3,60.72477962781587,29.872673849167484,6.758080313418217,NoFilter,OverSampling,NoCostSensitive,NaiveBayes,67.0,38.0,11.0,2.0,0.638095238095238,0.9710144927536232,0.8402839396628217,0.21880172128434291
BOOKKEEPER,3,60.72477962781587,29.872673849167484,6.758080313418217,NoFilter,OverSampling,NoCostSensitive,IBk,53.0,16.0,33.0,16.0,0.7681159420289855,0.7681159420289855,0.7658976634131913,0.4415853297840874
BOOKKEEPER,3,60.72477962781587,29.872673849167484,6.758080313418217,NoFilter,OverSampling,SensitiveThreshold,RandomForest,69.0,48.0,1.0,0.0,0.5897435897435898,1.0,0.5102040816326531,0.023784901758014457
BOOKKEEPER,3,60.72477962781587,29.872673849167484,6.758080313418217,NoFilter,OverSampling,SensitiveThreshold,NaiveBayes,68.0,42.0,7.0,1.0,0.6181818181818182,0.9855072463768116,0.5641821946169773,0.14607876135981146
BOOKKEEPER,3,60.72477962781587,29.872673849167484,6.758080313418217,NoFilter,OverSampling,SensitiveThreshold,IBk,53.0,16.0,33.0,16.0,0.7681159420289855,0.7681159420289855,0.7207926648920437,0.4415853297840874
BOOKKEEPER,3,60.72477962781587,29.872673849167484,6.758080313418217,NoFilter,OverSampling,SensitiveLearning,RandomForest,63.0,28.0,21.0,6.0,0.6923076923076923,0.9130434782608695,0.771960958296362,0.3653906991458399
BOOKKEEPER,3,60.72477962781587,29.872673849167484,6.758080313418217,NoFilter,OverSampling,SensitiveLearning,NaiveBayes,43.0,5.0,44.0,26.0,0.8958333333333334,0.6231884057971014,0.8352558414670216,0.49067112225006976
BOOKKEEPER,3,60.72477962781587,29.872673849167484,6.758080313418217,NoFilter,OverSampling,SensitiveLearning,IBk,61.0,29.0,20.0,8.0,0.6777777777777778,0.8840579710144928,0.6194912747707779,0.3115736360769472
BOOKKEEPER,3,60.72477962781587,29.872673849167484,6.758080313418217,NoFilter,SMOTESampling,NoCostSensitive,RandomForest,63.0,26.0,23.0,6.0,0.7078651685393258,0.9130434782608695,0.7562851227447501,0.40647595095881783
BOOKKEEPER,3,60.72477962781587,29.872673849167484,6.758080313418217,NoFilter,SMOTESampling,NoCostSensitive,NaiveBayes,63.0,29.0,20.0,6.0,0.6847826086956522,0.9130434782608695,0.8429458740017747,0.3446524912726118
BOOKKEEPER,3,60.72477962781587,29.872673849167484,6.758080313418217,NoFilter,SMOTESampling,NoCostSensitive,IBk,55.0,32.0,17.0,14.0,0.632183908045977,0.7971014492753623,0.5720201123927832,0.15213995626366775
BOOKKEEPER,3,60.72477962781587,29.872673849167484,6.758080313418217,NoFilter,SMOTESampling,SensitiveThreshold,RandomForest,69.0,49.0,0.0,0.0,0.5847457627118644,1.0,0.5,0.0
BOOKKEEPER,3,60.72477962781587,29.872673849167484,6.758080313418217,NoFilter,SMOTESampling,SensitiveThreshold,NaiveBayes,67.0,39.0,10.0,2.0,0.6320754716981132,0.9710144927536232,0.5875480627033423,0.19661242112255067
BOOKKEEPER,3,60.72477962781587,29.872673849167484,6.758080313418217,NoFilter,SMOTESampling,SensitiveThreshold,IBk,55.0,32.0,17.0,14.0,0.632183908045977,0.7971014492753623,0.5720201123927832,0.15213995626366775
BOOKKEEPER,3,60.72477962781587,29.872673849167484,6.758080313418217,NoFilter,SMOTESampling,SensitiveLearning,RandomForest,69.0,48.0,1.0,0.0,0.5897435897435898,1.0,0.7923691215616682,0.023784901758014457
BOOKKEEPER,3,60.72477962781587,29.872673849167484,6.758080313418217,NoFilter,SMOTESampling,SensitiveLearning,NaiveBayes,46.0,8.0,41.0,23.0,0.8518518518518519,0.6666666666666666,0.8503401360544217,0.4820164259416596
BOOKKEEPER,3,60.72477962781587,29.872673849167484,6.758080313418217,NoFilter,SMOTESampling,SensitiveLearning,IBk,62.0,30.0,19.0,7.0,0.6739130434782609,0.8985507246376812,0.6296953564034309,0.3072040622024752
BOOKKEEPER,3,60.72477962781587,29.872673849167484,6.758080313418217,BestFirstFilter,NoSampling,NoCostSensitive,RandomForest,54.0,22.0,27.0,15.0,0.7105263157894737,0.782608695652174,0.6645962732919255,0.3406825732407126
BOOKKEEPER,3,60.72477962781587,29.872673849167484,6.758080313418217,BestFirstFilter,NoSampling,NoCostSensitive,NaiveBayes,69.0,49.0,0.0,0.0,0.5847457627118644,1.0,0.8849452824608104,0.0
BOOKKEEPER,3,60.72477962781587,29.872673849167484,6.758080313418217,BestFirstFilter,NoSampling,NoCostSensitive,IBk,53.0,22.0,27.0,16.0,0.7066666666666667,0.7681159420289855,0.6517302573203194,0.3249021379102679
BOOKKEEPER,3,60.72477962781587,29.872673849167484,6.758080313418217,BestFirstFilter,NoSampling,SensitiveThreshold,RandomForest,69.0,28.0,21.0,0.0,0.711340206185567,1.0,0.7142857142857143,0.46726862302483063
BOOKKEEPER,3,60.72477962781587,29.872673849167484,6.758080313418217,BestFirstFilter,NoSampling,SensitiveThreshold,NaiveBayes,69.0,49.0,0.0,0.0,0.5847457627118644,1.0,0.5,0.0
BOOKKEEPER,3,60.72477962781587,29.872673849167484,6.758080313418217,BestFirstFilter,NoSampling,SensitiveThreshold,IBk,68.0,28.0,21.0,1.0,0.7083333333333334,0.9855072463768116,0.7070393374741201,0.4500160720025715
BOOKKEEPER,3,60.72477962781587,29.872673849167484,6.758080313418217,BestFirstFilter,NoSampling,SensitiveLearning,RandomForest,69.0,28.0,21.0,0.0,0.711340206185567,1.0,0.7082224194025436,0.46726862302483063
BOOKKEEPER,3,60.72477962781587,29.872673849167484,6.758080313418217,BestFirstFilter,NoSampling,SensitiveLearning,NaiveBayes,69.0,49.0,0.0,0.0,0.5847457627118644,1.0,0.8849452824608104,0.0
BOOKKEEPER,3,60.72477962781587,29.872673849167484,6.758080313418217,BestFirstFilter,NoSampling,SensitiveLearning,IBk,68.0,28.0,21.0,1.0,0.7083333333333334,0.9855072463768116,0.6518781425613723,0.4500160720025715
BOOKKEEPER,3,60.72477962781587,29.872673849167484,6.758080313418217,BestFirstFilter,UnderSampling,NoCostSensitive,RandomForest,65.0,12.0,37.0,4.0,0.8441558441558441,0.9420289855072463,0.8485655131617864,0.7140260527112996
BOOKKEEPER,3,60.72477962781587,29.872673849167484,6.758080313418217,BestFirstFilter,UnderSampling,NoCostSensitive,NaiveBayes,69.0,49.0,0.0,0.0,0.5847457627118644,1.0,0.80301685891748,0.0
BOOKKEEPER,3,60.72477962781587,29.872673849167484,6.758080313418217,BestFirstFilter,UnderSampling,NoCostSensitive,IBk,69.0,48.0,1.0,0.0,0.5897435897435898,1.0,0.5102040816326531,0.023784901758014457
BOOKKEEPER,3,60.72477962781587,29.872673849167484,6.758080313418217,BestFirstFilter,UnderSampling,SensitiveThreshold,RandomForest,65.0,12.0,37.0,4.0,0.8441558441558441,0.9420289855072463,0.8485655131617864,0.7140260527112996
BOOKKEEPER,3,60.72477962781587,29.872673849167484,6.758080313418217,BestFirstFilter,UnderSampling,SensitiveThreshold,NaiveBayes,69.0,49.0,0.0,0.0,0.5847457627118644,1.0,0.5,0.0
BOOKKEEPER,3,60.72477962781587,29.872673849167484,6.758080313418217,BestFirstFilter,UnderSampling,SensitiveThreshold,IBk,69.0,49.0,0.0,0.0,0.5847457627118644,1.0,0.5,0.0
BOOKKEEPER,3,60.72477962781587,29.872673849167484,6.758080313418217,BestFirstFilter,UnderSampling,SensitiveLearning,RandomForest,33.0,0.0,49.0,36.0,1.0,0.4782608695652174,0.7391304347826086,0.4322373696872495
BOOKKEEPER,3,60.72477962781587,29.872673849167484,6.758080313418217,BestFirstFilter,UnderSampling,SensitiveLearning,NaiveBayes,68.0,21.0,28.0,1.0,0.7640449438202247,0.9855072463768116,0.8913043478260869,0.5919522162841875
BOOKKEEPER,3,60.72477962781587,29.872673849167484,6.758080313418217,BestFirstFilter,UnderSampling,SensitiveLearning,IBk,68.0,20.0,29.0,1.0,0.7727272727272727,0.9855072463768116,0.7886719905353445,0.6117204638044501
BOOKKEEPER,3,60.72477962781587,29.872673849167484,6.758080313418217,BestFirstFilter,OverSampling,NoCostSensitive,RandomForest,52.0,22.0,27.0,17.0,0.7027027027027027,0.7536231884057971,0.6359065365276545,0.3092164515160612
BOOKKEEPER,3,60.72477962781587,29.872673849167484,6.758080313418217,BestFirstFilter,OverSampling,NoCostSensitive,NaiveBayes,69.0,49.0,0.0,0.0,0.5847457627118644,1.0,0.8685300207039337,0.0
BOOKKEEPER,3,60.72477962781587,29.872673849167484,6.758080313418217,BestFirstFilter,OverSampling,NoCostSensitive,IBk,53.0,22.0,27.0,16.0,0.7066666666666667,0.7681159420289855,0.6489204377403135,0.3249021379102679
BOOKKEEPER,3,60.72477962781587,29.872673849167484,6.758080313418217,BestFirstFilter,OverSampling,SensitiveThreshold,RandomForest,67.0,28.0,21.0,2.0,0.7052631578947368,0.9710144927536232,0.6997929606625258,0.4328740788208908
BOOKKEEPER,3,60.72477962781587,29.872673849167484,6.758080313418217,BestFirstFilter,OverSampling,SensitiveThreshold,NaiveBayes,69.0,49.0,0.0,0.0,0.5847457627118644,1.0,0.5,0.0
BOOKKEEPER,3,60.72477962781587,29.872673849167484,6.758080313418217,BestFirstFilter,OverSampling,SensitiveThreshold,IBk,60.0,28.0,21.0,9.0,0.6818181818181818,0.8695652173913043,0.6490683229813664,0.315888436226888
BOOKKEEPER,3,60.72477962781587,29.872673849167484,6.758080313418217,BestFirstFilter,OverSampling,SensitiveLearning,RandomForest,61.0,28.0,21.0,8.0,0.6853932584269663,0.8840579710144928,0.64773735581189,0.3322854448286703
BOOKKEEPER,3,60.72477962781587,29.872673849167484,6.758080313418217,BestFirstFilter,OverSampling,SensitiveLearning,NaiveBayes,65.0,12.0,37.0,4.0,0.8441558441558441,0.9420289855072463,0.8849452824608104,0.7140260527112996
BOOKKEEPER,3,60.72477962781587,29.872673849167484,6.758080313418217,BestFirstFilter,OverSampling,SensitiveLearning,IBk,61.0,27.0,22.0,8.0,0.6931818181818182,0.8840579710144928,0.6073646850044365,0.3528674396740834
BOOKKEEPER,3,60.72477962781587,29.872673849167484,6.758080313418217,BestFirstFilter,SMOTESampling,NoCostSensitive,RandomForest,54.0,25.0,24.0,15.0,0.6835443037974683,0.782608695652174,0.6446317657497782,0.2807071014934472
BOOKKEEPER,3,60.72477962781587,29.872673849167484,6.758080313418217,BestFirstFilter,SMOTESampling,NoCostSensitive,NaiveBayes,69.0,49.0,0.0,0.0,0.5847457627118644,1.0,0.8853889381839692,0.0
BOOKKEEPER,3,60.72477962781587,29.872673849167484,6.758080313418217,BestFirstFilter,SMOTESampling,NoCostSensitive,IBk,54.0,25.0,24.0,15.0,0.6835443037974683,0.782608695652174,0.6517302573203194,0.2807071014934472
BOOKKEEPER,3,60.72477962781587,29.872673849167484,6.758080313418217,BestFirstFilter,SMOTESampling,SensitiveThreshold,RandomForest,69.0,28.0,21.0,0.0,0.711340206185567,1.0,0.7142857142857143,0.46726862302483063
BOOKKEEPER,3,60.72477962781587,29.872673849167484,6.758080313418217,BestFirstFilter,SMOTESampling,SensitiveThreshold,NaiveBayes,69.0,49.0,0.0,0.0,0.5847457627118644,1.0,0.5,0.0
BOOKKEEPER,3,60.72477962781587,29.872673849167484,6.758080313418217,BestFirstFilter,SMOTESampling,SensitiveThreshold,IBk,68.0,28.0,21.0,1.0,0.7083333333333334,0.9855072463768116,0.7070393374741201,0.4500160720025715
BOOKKEEPER,3,60.72477962781587,29.872673849167484,6.758080313418217,BestFirstFilter,SMOTESampling,SensitiveLearning,RandomForest,64.0,28.0,21.0,5.0,0.6956521739130435,0.927536231884058,0.733215025140491,0.3821009203427482
BOOKKEEPER,3,60.72477962781587,29.872673849167484,6.758080313418217,BestFirstFilter,SMOTESampling,SensitiveLearning,NaiveBayes,69.0,49.0,0.0,0.0,0.5847457627118644,1.0,0.8325939071280686,0.0
BOOKKEEPER,3,60.72477962781587,29.872673849167484,6.758080313418217,BestFirstFilter,SMOTESampling,SensitiveLearning,IBk,64.0,28.0,21.0,5.0,0.6956521739130435,0.927536231884058,0.5789707187222716,0.3821009203427482
BOOKKEEPER,4,72.2820763956905,36.6307541625857,1.762977473065622,NoFilter,NoSampling,NoCostSensitive,RandomForest,14.0,60.0,71.0,4.0,0.1891891891891892,0.7777777777777778,0.7370653095843935,0.136544730170228
BOOKKEEPER,4,72.2820763956905,36.6307541625857,1.762977473065622,NoFilter,NoSampling,NoCostSensitive,NaiveBayes,17.0,86.0,45.0,1.0,0.1650485436893204,0.9444444444444444,0.8396946564885496,0.09482578032260318
BOOKKEEPER,4,72.2820763956905,36.6307541625857,1.762977473065622,NoFilter,NoSampling,NoCostSensitive,IBk,14.0,57.0,74.0,4.0,0.19718309859154928,0.7777777777777778,0.678117048346056,0.15095749649696413
BOOKKEEPER,4,72.2820763956905,36.6307541625857,1.762977473065622,NoFilter,NoSampling,SensitiveThreshold,RandomForest,18.0,131.0,0.0,0.0,0.12080536912751678,1.0,0.5,0.0
BOOKKEEPER,4,72.2820763956905,36.6307541625857,1.762977473065622,NoFilter,NoSampling,SensitiveThreshold,NaiveBayes,17.0,113.0,18.0,1.0,0.13076923076923078,0.9444444444444444,0.5409245122985581,0.02221966382684781
BOOKKEEPER,4,72.2820763956905,36.6307541625857,1.762977473065622,NoFilter,NoSampling,SensitiveThreshold,IBk,14.0,57.0,74.0,4.0,0.19718309859154928,0.7777777777777778,0.6713316369804919,0.15095749649696413
BOOKKEEPER,4,72.2820763956905,36.6307541625857,1.762977473065622,NoFilter,NoSampling,SensitiveLearning,RandomForest,18.0,131.0,0.0,0.0,0.12080536912751678,1.0,0.73960983884648,0.0
BOOKKEEPER,4,72.2820763956905,36.6307541625857,1.762977473065622,NoFilter,NoSampling,SensitiveLearning,NaiveBayes,17.0,113.0,18.0,1.0,0.13076923076923078,0.9444444444444444,0.8354537743850721,0.02221966382684781
BOOKKEEPER,4,72.2820763956905,36.6307541625857,1.762977473065622,NoFilter,NoSampling,SensitiveLearning,IBk,14.0,57.0,74.0,4.0,0.19718309859154928,0.7777777777777778,0.678117048346056,0.15095749649696413
BOOKKEEPER,4,72.2820763956905,36.6307541625857,1.762977473065622,NoFilter,UnderSampling,NoCostSensitive,RandomForest,0.0,0.0,131.0,18.0,0.0,0.0,0.6976251060220526,0.0
BOOKKEEPER,4,72.2820763956905,36.6307541625857,1.762977473065622,NoFilter,UnderSampling,NoCostSensitive,NaiveBayes,1.0,0.0,131.0,17.0,1.0,0.05555555555555555,0.7576335877862596,0.09373881932021531
BOOKKEEPER,4,72.2820763956905,36.6307541625857,1.762977473065622,NoFilter,UnderSampling,NoCostSensitive,IBk,0.0,2.0,129.0,18.0,0.0,0.0,0.49236641221374045,-0.024759284731774536
BOOKKEEPER,4,72.2820763956905,36.6307541625857,1.762977473065622,NoFilter,UnderSampling,SensitiveThreshold,RandomForest,7.0,14.0,117.0,11.0,0.3333333333333333,0.3888888888888889,0.6410093299406276,0.26310583580613267
BOOKKEEPER,4,72.2820763956905,36.6307541625857,1.762977473065622,NoFilter,UnderSampling,SensitiveThreshold,NaiveBayes,1.0,1.0,130.0,17.0,0.5,0.05555555555555555,0.523960983884648,0.07771664374140275
BOOKKEEPER,4,72.2820763956905,36.6307541625857,1.762977473065622,NoFilter,UnderSampling,SensitiveThreshold,IBk,18.0,131.0,0.0,0.0,0.12080536912751678,1.0,0.5,0.0
BOOKKEEPER,4,72.2820763956905,36.6307541625857,1.762977473065622,NoFilter,UnderSampling,SensitiveLearning,RandomForest,0.0,0.0,131.0,18.0,0.0,0.0,0.775657336726039,0.0
BOOKKEEPER,4,72.2820763956905,36.6307541625857,1.762977473065622,NoFilter,UnderSampling,SensitiveLearning,NaiveBayes,13.0,73.0,58.0,5.0,0.1511627906976744,0.7222222222222222,0.5784563189143341,0.06274193548387096
BOOKKEEPER,4,72.2820763956905,36.6307541625857,1.762977473065622,NoFilter,UnderSampling,SensitiveLearning,IBk,0.0,49.0,82.0,18.0,0.0,0.0,0.31297709923664124,-0.21462465020075455
BOOKKEEPER,4,72.2820763956905,36.6307541625857,1.762977473065622,NoFilter,OverSampling,NoCostSensitive,RandomForest,13.0,59.0,72.0,5.0,0.18055555555555555,0.7222222222222222,0.6878710771840543,0.11850619338140125
BOOKKEEPER,4,72.2820763956905,36.6307541625857,1.762977473065622,NoFilter,OverSampling,NoCostSensitive,NaiveBayes,11.0,28.0,103.0,7.0,0.28205128205128205,0.6111111111111112,0.8032230703986429,0.26435322330371
BOOKKEEPER,4,72.2820763956905,36.6307541625857,1.762977473065622,NoFilter,OverSampling,NoCostSensitive,IBk,14.0,52.0,79.0,4.0,0.21212121212121213,0.7777777777777778,0.7143765903307888,0.17712031558185398
BOOKKEEPER,4,72.2820763956905,36.6307541625857,1.762977473065622,NoFilter,OverSampling,SensitiveThreshold,RandomForest,18.0,124.0,7.0,0.0,0.1267605633802817,1.0,0.5267175572519084,0.013455788124733022
BOOKKEEPER,4,72.2820763956905,36.6307541625857,1.762977473065622,NoFilter,OverSampling,SensitiveThreshold,NaiveBayes,15.0,40.0,91.0,3.0,0.2727272727272727,0.8333333333333334,0.7639949109414759,0.2798696189726873
BOOKKEEPER,4,72.2820763956905,36.6307541625857,1.762977473065622,NoFilter,OverSampling,SensitiveThreshold,IBk,14.0,52.0,79.0,4.0,0.21212121212121213,0.7777777777777778,0.6904156064461408,0.17712031558185398
BOOKKEEPER,4,72.2820763956905,36.6307541625857,1.762977473065622,NoFilter,OverSampling,SensitiveLearning,RandomForest,17.0,86.0,45.0,1.0,0.1650485436893204,0.9444444444444444,0.7402459711620017,0.09482578032260318
BOOKKEEPER,4,72.2820763956905,36.6307541625857,1.762977473065622,NoFilter,OverSampling,SensitiveLearning,NaiveBayes,11.0,22.0,109.0,7.0,0.3333333333333333,0.6111111111111112,0.8180661577608143,0.3260021837466852
BOOKKEEPER,4,72.2820763956905,36.6307541625857,1.762977473065622,NoFilter,OverSampling,SensitiveLearning,IBk,17.0,86.0,45.0,1.0,0.1650485436893204,0.9444444444444444,0.6087786259541985,0.09482578032260318
BOOKKEEPER,4,72.2820763956905,36.6307541625857,1.762977473065622,NoFilter,SMOTESampling,NoCostSensitive,RandomForest,12.0,57.0,74.0,6.0,0.17391304347826086,0.6666666666666666,0.77735368956743,0.10420841683366754
BOOKKEEPER,4,72.2820763956905,36.6307541625857,1.762977473065622,NoFilter,SMOTESampling,NoCostSensitive,NaiveBayes,16.0,66.0,65.0,2.0,0.1951219512195122,0.8888888888888888,0.8384223918575063,0.15199196518245728
BOOKKEEPER,4,72.2820763956905,36.6307541625857,1.762977473065622,NoFilter,SMOTESampling,NoCostSensitive,IBk,13.0,54.0,77.0,5.0,0.19402985074626866,0.7222222222222222,0.6634860050890585,0.14259241197698233
BOOKKEEPER,4,72.2820763956905,36.6307541625857,1.762977473065622,NoFilter,SMOTESampling,SensitiveThreshold,RandomForest,18.0,129.0,2.0,0.0,0.12244897959183673,1.0,0.5076335877862596,0.0037319234955683275
BOOKKEEPER,4,72.2820763956905,36.6307541625857,1.762977473065622,NoFilter,SMOTESampling,SensitiveThreshold,NaiveBayes,17.0,105.0,26.0,1.0,0.13934426229508196,0.9444444444444444,0.5714588634435963,0.04092786009230024
BOOKKEEPER,4,72.2820763956905,36.6307541625857,1.762977473065622,NoFilter,SMOTESampling,SensitiveThreshold,IBk,13.0,54.0,77.0,5.0,0.19402985074626866,0.7222222222222222,0.6550042408821035,0.14259241197698233
BOOKKEEPER,4,72.2820763956905,36.6307541625857,1.762977473065622,NoFilter,SMOTESampling,SensitiveLearning,RandomForest,17.0,126.0,5.0,1.0,0.11888111888111888,0.9444444444444444,0.7485156912637828,-0.0043522106045326536
BOOKKEEPER,4,72.2820763956905,36.6307541625857,1.762977473065622,NoFilter,SMOTESampling,SensitiveLearning,NaiveBayes,17.0,79.0,52.0,1.0,0.17708333333333334,0.9444444444444444,0.818490245971162,0.11899482631189949
BOOKKEEPER,4,72.2820763956905,36.6307541625857,1.762977473065622,NoFilter,SMOTESampling,SensitiveLearning,IBk,17.0,89.0,42.0,1.0,0.16037735849056603,0.9444444444444444,0.609626802374894,0.08526603001364254
BOOKKEEPER,4,72.2820763956905,36.6307541625857,1.762977473065622,BestFirstFilter,NoSampling,NoCostSensitive,RandomForest,18.0,48.0,83.0,0.0,0.2727272727272727,1.0,0.8768023748939779,0.29467455621301775
BOOKKEEPER,4,72.2820763956905,36.6307541625857,1.762977473065622,BestFirstFilter,NoSampling,NoCostSensitive,NaiveBayes,15.0,26.0,105.0,3.0,0.36585365853658536,0.8333333333333334,0.8483884648006785,0.4092959671907038
BOOKKEEPER,4,72.2820763956905,36.6307541625857,1.762977473065622,BestFirstFilter,NoSampling,NoCostSensitive,IBk,18.0,48.0,83.0,0.0,0.2727272727272727,1.0,0.8273960983884648,0.29467455621301775
BOOKKEEPER,4,72.2820763956905,36.6307541625857,1.762977473065622,BestFirstFilter,NoSampling,SensitiveThreshold,RandomForest,18.0,83.0,48.0,0.0,0.1782178217821782,1.0,0.683206106870229,0.12259666548421427
BOOKKEEPER,4,72.2820763956905,36.6307541625857,1.762977473065622,BestFirstFilter,NoSampling,SensitiveThreshold,NaiveBayes,18.0,93.0,38.0,0.0,0.16216216216216217,1.0,0.6450381679389313,0.08985221674876852
BOOKKEEPER,4,72.2820763956905,36.6307541625857,1.762977473065622,BestFirstFilter,NoSampling,SensitiveThreshold,IBk,18.0,78.0,53.0,0.0,0.1875,1.0,0.7022900763358778,0.14101995565410197
BOOKKEEPER,4,72.2820763956905,36.6307541625857,1.762977473065622,BestFirstFilter,NoSampling,SensitiveLearning,RandomForest,18.0,83.0,48.0,0.0,0.1782178217821782,1.0,0.8371501272264631,0.12259666548421427
BOOKKEEPER,4,72.2820763956905,36.6307541625857,1.762977473065622,BestFirstFilter,NoSampling,SensitiveLearning,NaiveBayes,18.0,93.0,38.0,0.0,0.16216216216216217,1.0,0.8483884648006785,0.08985221674876852
BOOKKEEPER,4,72.2820763956905,36.6307541625857,1.762977473065622,BestFirstFilter,NoSampling,SensitiveLearning,IBk,18.0,78.0,53.0,0.0,0.1875,1.0,0.8273960983884648,0.14101995565410197
BOOKKEEPER,4,72.2820763956905,36.6307541625857,1.762977473065622,BestFirstFilter,UnderSampling,NoCostSensitive,RandomForest,5.0,1.0,130.0,13.0,0.8333333333333334,0.2777777777777778,0.8032230703986429,0.37916666666666704
BOOKKEEPER,4,72.2820763956905,36.6307541625857,1.762977473065622,BestFirstFilter,UnderSampling,NoCostSensitive,NaiveBayes,9.0,4.0,127.0,9.0,0.6923076923076923,0.5,0.820186598812553,0.5333654541074442
BOOKKEEPER,4,72.2820763956905,36.6307541625857,1.762977473065622,BestFirstFilter,UnderSampling,NoCostSensitive,IBk,7.0,1.0,130.0,11.0,0.875,0.3888888888888889,0.6906276505513147,0.5013943112102622
BOOKKEEPER,4,72.2820763956905,36.6307541625857,1.762977473065622,BestFirstFilter,UnderSampling,SensitiveThreshold,RandomForest,14.0,30.0,101.0,4.0,0.3181818181818182,0.7777777777777778,0.7743850720949957,0.33812385680689844
BOOKKEEPER,4,72.2820763956905,36.6307541625857,1.762977473065622,BestFirstFilter,UnderSampling,SensitiveThreshold,NaiveBayes,12.0,12.0,119.0,6.0,0.5,0.6666666666666666,0.787531806615776,0.5027808676307005
BOOKKEEPER,4,72.2820763956905,36.6307541625857,1.762977473065622,BestFirstFilter,UnderSampling,SensitiveThreshold,IBk,18.0,131.0,0.0,0.0,0.12080536912751678,1.0,0.5,0.0
BOOKKEEPER,4,72.2820763956905,36.6307541625857,1.762977473065622,BestFirstFilter,UnderSampling,SensitiveLearning,RandomForest,0.0,8.0,123.0,18.0,0.0,0.0,0.7258269720101781,-0.08031232571109842
BOOKKEEPER,4,72.2820763956905,36.6307541625857,1.762977473065622,BestFirstFilter,UnderSampling,SensitiveLearning,NaiveBayes,5.0,14.0,117.0,13.0,0.2631578947368421,0.2777777777777778,0.5826972010178118,0.16690826258024472
BOOKKEEPER,4,72.2820763956905,36.6307541625857,1.762977473065622,BestFirstFilter,UnderSampling,SensitiveLearning,IBk,0.0,46.0,85.0,18.0,0.0,0.0,0.3244274809160305,-0.2101522842639595
BOOKKEEPER,4,72.2820763956905,36.6307541625857,1.762977473065622,BestFirstFilter,OverSampling,NoCostSensitive,RandomForest,18.0,48.0,83.0,0.0,0.2727272727272727,1.0,0.8587786259541985,0.29467455621301775
BOOKKEEPER,4,72.2820763956905,36.6307541625857,1.762977473065622,BestFirstFilter,OverSampling,NoCostSensitive,NaiveBayes,15.0,24.0,107.0,3.0,0.38461538461538464,0.8333333333333334,0.8483884648006785,0.43250105797714783
BOOKKEEPER,4,72.2820763956905,36.6307541625857,1.762977473065622,BestFirstFilter,OverSampling,NoCostSensitive,IBk,18.0,47.0,84.0,0.0,0.27692307692307694,1.0,0.8534775233248516,0.3015857185598883
BOOKKEEPER,4,72.2820763956905,36.6307541625857,1.762977473065622,BestFirstFilter,OverSampling,SensitiveThreshold,RandomForest,18.0,81.0,50.0,0.0,0.18181818181818182,1.0,0.6908396946564885,0.12978585334198575
BOOKKEEPER,4,72.2820763956905,36.6307541625857,1.762977473065622,BestFirstFilter,OverSampling,SensitiveThreshold,NaiveBayes,18.0,93.0,38.0,0.0,0.16216216216216217,1.0,0.6450381679389313,0.08985221674876852
BOOKKEEPER,4,72.2820763956905,36.6307541625857,1.762977473065622,BestFirstFilter,OverSampling,SensitiveThreshold,IBk,18.0,76.0,55.0,0.0,0.19148936170212766,1.0,0.7099236641221374,0.14882742032471438
BOOKKEEPER,4,72.2820763956905,36.6307541625857,1.762977473065622,BestFirstFilter,OverSampling,SensitiveLearning,RandomForest,15.0,73.0,58.0,3.0,0.17045454545454544,0.8333333333333334,0.7245547073791349,0.10312054490733406
BOOKKEEPER,4,72.2820763956905,36.6307541625857,1.762977473065622,BestFirstFilter,OverSampling,SensitiveLearning,NaiveBayes,15.0,24.0,107.0,3.0,0.38461538461538464,0.8333333333333334,0.8456318914334181,0.43250105797714783
BOOKKEEPER,4,72.2820763956905,36.6307541625857,1.762977473065622,BestFirstFilter,OverSampling,SensitiveLearning,IBk,15.0,76.0,55.0,3.0,0.16483516483516483,0.8333333333333334,0.7222222222222222,0.09209409949865016
BOOKKEEPER,4,72.2820763956905,36.6307541625857,1.762977473065622,BestFirstFilter,SMOTESampling,NoCostSensitive,RandomForest,18.0,48.0,83.0,0.0,0.2727272727272727,1.0,0.8740458015267175,0.29467455621301775
BOOKKEEPER,4,72.2820763956905,36.6307541625857,1.762977473065622,BestFirstFilter,SMOTESampling,NoCostSensitive,NaiveBayes,14.0,25.0,106.0,4.0,0.358974358974359,0.7777777777777778,0.8348176420695504,0.3904640993087881
BOOKKEEPER,4,72.2820763956905,36.6307541625857,1.762977473065622,BestFirstFilter,SMOTESampling,NoCostSensitive,IBk,18.0,47.0,84.0,0.0,0.27692307692307694,1.0,0.8324851569126378,0.3015857185598883
BOOKKEEPER,4,72.2820763956905,36.6307541625857,1.762977473065622,BestFirstFilter,SMOTESampling,SensitiveThreshold,RandomForest,18.0,83.0,48.0,0.0,0.1782178217821782,1.0,0.683206106870229,0.12259666548421427
BOOKKEEPER,4,72.2820763956905,36.6307541625857,1.762977473065622,BestFirstFilter,SMOTESampling,SensitiveThreshold,NaiveBayes,18.0,93.0,38.0,0.0,0.16216216216216217,1.0,0.6450381679389313,0.08985221674876852
BOOKKEEPER,4,72.2820763956905,36.6307541625857,1.762977473065622,BestFirstFilter,SMOTESampling,SensitiveThreshold,IBk,18.0,78.0,53.0,0.0,0.1875,1.0,0.7022900763358778,0.14101995565410197
BOOKKEEPER,4,72.2820763956905,36.6307541625857,1.762977473065622,BestFirstFilter,SMOTESampling,SensitiveLearning,RandomForest,18.0,77.0,54.0,0.0,0.18947368421052632,1.0,0.7283715012722646,0.1448908101662071
BOOKKEEPER,4,72.2820763956905,36.6307541625857,1.762977473065622,BestFirstFilter,SMOTESampling,SensitiveLearning,NaiveBayes,18.0,93.0,38.0,0.0,0.16216216216216217,1.0,0.8486005089058524,0.08985221674876852
BOOKKEEPER,4,72.2820763956905,36.6307541625857,1.762977473065622,BestFirstFilter,SMOTESampling,SensitiveLearning,IBk,18.0,77.0,54.0,0.0,0.18947368421052632,1.0,0.7143765903307888,0.1448908101662071
BOOKKEEPER,5,86.87561214495592,38.39373163565132,6.758080313418217,NoFilter,NoSampling,NoCostSensitive,RandomForest,26.0,8.0,57.0,43.0,0.7647058823529411,0.37681159420289856,0.6996655518394649,0.24983534577387484
BOOKKEEPER,5,86.87561214495592,38.39373163565132,6.758080313418217,NoFilter,NoSampling,NoCostSensitive,NaiveBayes,39.0,7.0,58.0,30.0,0.8478260869565217,0.5652173913043478,0.8158305462653289,0.4528801589053189
BOOKKEEPER,5,86.87561214495592,38.39373163565132,6.758080313418217,NoFilter,NoSampling,NoCostSensitive,IBk,24.0,13.0,52.0,45.0,0.6486486486486487,0.34782608695652173,0.5739130434782609,0.14574631787205972
BOOKKEEPER,5,86.87561214495592,38.39373163565132,6.758080313418217,NoFilter,NoSampling,SensitiveThreshold,RandomForest,69.0,58.0,7.0,0.0,0.5433070866141733,1.0,0.5538461538461539,0.11055161364156559
BOOKKEEPER,5,86.87561214495592,38.39373163565132,6.758080313418217,NoFilter,NoSampling,SensitiveThreshold,NaiveBayes,56.0,18.0,47.0,13.0,0.7567567567567568,0.8115942028985508,0.7673355629877369,0.5358659217877095
BOOKKEEPER,5,86.87561214495592,38.39373163565132,6.758080313418217,NoFilter,NoSampling,SensitiveThreshold,IBk,24.0,13.0,52.0,45.0,0.6486486486486487,0.34782608695652173,0.5739130434782609,0.14574631787205972
BOOKKEEPER,5,86.87561214495592,38.39373163565132,6.758080313418217,NoFilter,NoSampling,SensitiveLearning,RandomForest,69.0,57.0,8.0,0.0,0.5476190476190477,1.0,0.7663322185061315,0.12628689087165404
BOOKKEEPER,5,86.87561214495592,38.39373163565132,6.758080313418217,NoFilter,NoSampling,SensitiveLearning,NaiveBayes,57.0,19.0,46.0,12.0,0.75,0.8260869565217391,0.8158305462653289,0.5354506821740103
BOOKKEEPER,5,86.87561214495592,38.39373163565132,6.758080313418217,NoFilter,NoSampling,SensitiveLearning,IBk,24.0,13.0,52.0,45.0,0.6486486486486487,0.34782608695652173,0.5739130434782609,0.14574631787205972
BOOKKEEPER,5,86.87561214495592,38.39373163565132,6.758080313418217,NoFilter,UnderSampling,NoCostSensitive,RandomForest,0.0,0.0,65.0,69.0,0.0,0.0,0.6928651059085842,0.0
BOOKKEEPER,5,86.87561214495592,38.39373163565132,6.758080313418217,NoFilter,UnderSampling,NoCostSensitive,NaiveBayes,45.0,32.0,33.0,24.0,0.5844155844155844,0.6521739130434783,0.5885172798216276,0.16043857686283283
BOOKKEEPER,5,86.87561214495592,38.39373163565132,6.758080313418217,NoFilter,UnderSampling,NoCostSensitive,IBk,64.0,51.0,14.0,5.0,0.5565217391304348,0.927536231884058,0.5714604236343367,0.14591395401775548
BOOKKEEPER,5,86.87561214495592,38.39373163565132,6.758080313418217,NoFilter,UnderSampling,SensitiveThreshold,RandomForest,69.0,65.0,0.0,0.0,0.5149253731343284,1.0,0.5,0.0
BOOKKEEPER,5,86.87561214495592,38.39373163565132,6.758080313418217,NoFilter,UnderSampling,SensitiveThreshold,NaiveBayes,45.0,34.0,31.0,24.0,0.569620253164557,0.6521739130434783,0.5645484949832776,0.12967525195968632
BOOKKEEPER,5,86.87561214495592,38.39373163565132,6.758080313418217,NoFilter,UnderSampling,SensitiveThreshold,IBk,69.0,65.0,0.0,0.0,0.5149253731343284,1.0,0.5,0.0
BOOKKEEPER,5,86.87561214495592,38.39373163565132,6.758080313418217,NoFilter,UnderSampling,SensitiveLearning,RandomForest,0.0,0.0,65.0,69.0,0.0,0.0,0.32853957636566333,0.0
BOOKKEEPER,5,86.87561214495592,38.39373163565132,6.758080313418217,NoFilter,UnderSampling,SensitiveLearning,NaiveBayes,2.0,3.0,62.0,67.0,0.4,0.028985507246376812,0.4510590858416945,-0.01669195751138084
BOOKKEEPER,5,86.87561214495592,38.39373163565132,6.758080313418217,NoFilter,UnderSampling,SensitiveLearning,IBk,0.0,0.0,65.0,69.0,0.0,0.0,0.5,0.0
BOOKKEEPER,5,86.87561214495592,38.39373163565132,6.758080313418217,NoFilter,OverSampling,NoCostSensitive,RandomForest,32.0,10.0,55.0,37.0,0.7619047619047619,0.463768115942029,0.6358974358974359,0.30623485349195856
BOOKKEEPER,5,86.87561214495592,38.39373163565132,6.758080313418217,NoFilter,OverSampling,NoCostSensitive,NaiveBayes,60.0,36.0,29.0,9.0,0.625,0.8695652173913043,0.8093645484949833,0.3195666892349357
BOOKKEEPER,5,86.87561214495592,38.39373163565132,6.758080313418217,NoFilter,OverSampling,NoCostSensitive,IBk,26.0,13.0,52.0,43.0,0.6666666666666666,0.37681159420289856,0.5508361204013378,0.17447744774477447
BOOKKEEPER,5,86.87561214495592,38.39373163565132,6.758080313418217,NoFilter,OverSampling,SensitiveThreshold,RandomForest,60.0,56.0,9.0,9.0,0.5172413793103449,0.8695652173913043,0.5040133779264214,0.008198588020952063
BOOKKEEPER,5,86.87561214495592,38.39373163565132,6.758080313418217,NoFilter,OverSampling,SensitiveThreshold,NaiveBayes,65.0,50.0,15.0,4.0,0.5652173913043478,0.9420289855072463,0.5863991081382386,0.17641702708854978
BOOKKEEPER,5,86.87561214495592,38.39373163565132,6.758080313418217,NoFilter,OverSampling,SensitiveThreshold,IBk,26.0,13.0,52.0,43.0,0.6666666666666666,0.37681159420289856,0.5884057971014492,0.17447744774477447
BOOKKEEPER,5,86.87561214495592,38.39373163565132,6.758080313418217,NoFilter,OverSampling,SensitiveLearning,RandomForest,46.0,25.0,40.0,23.0,0.647887323943662,0.6666666666666666,0.701783723522854,0.28230305735326927
BOOKKEEPER,5,86.87561214495592,38.39373163565132,6.758080313418217,NoFilter,OverSampling,SensitiveLearning,NaiveBayes,28.0,3.0,62.0,41.0,0.9032258064516129,0.4057971014492754,0.8006688963210702,0.35365051523788654
BOOKKEEPER,5,86.87561214495592,38.39373163565132,6.758080313418217,NoFilter,OverSampling,SensitiveLearning,IBk,44.0,26.0,39.0,25.0,0.6285714285714286,0.6376811594202898,0.6069119286510591,0.23778719607405766
BOOKKEEPER,5,86.87561214495592,38.39373163565132,6.758080313418217,NoFilter,SMOTESampling,NoCostSensitive,RandomForest,32.0,14.0,51.0,37.0,0.6956521739130435,0.463768115942029,0.6831661092530658,0.24586184065327746
BOOKKEEPER,5,86.87561214495592,38.39373163565132,6.758080313418217,NoFilter,SMOTESampling,NoCostSensitive,NaiveBayes,47.0,9.0,56.0,22.0,0.8392857142857143,0.6811594202898551,0.8231884057971014,0.539569940146309
BOOKKEEPER,5,86.87561214495592,38.39373163565132,6.758080313418217,NoFilter,SMOTESampling,NoCostSensitive,IBk,24.0,16.0,49.0,45.0,0.6,0.34782608695652173,0.5508361204013378,0.10037420206911732
BOOKKEEPER,5,86.87561214495592,38.39373163565132,6.758080313418217,NoFilter,SMOTESampling,SensitiveThreshold,RandomForest,69.0,63.0,2.0,0.0,0.5227272727272727,1.0,0.5153846153846153,0.03165863730213339
BOOKKEEPER,5,86.87561214495592,38.39373163565132,6.758080313418217,NoFilter,SMOTESampling,SensitiveThreshold,NaiveBayes,57.0,25.0,40.0,12.0,0.6951219512195121,0.8260869565217391,0.7207357859531772,0.44404575016819914
BOOKKEEPER,5,86.87561214495592,38.39373163565132,6.758080313418217,NoFilter,SMOTESampling,SensitiveThreshold,IBk,24.0,16.0,49.0,45.0,0.6,0.34782608695652173,0.5508361204013378,0.10037420206911732
BOOKKEEPER,5,86.87561214495592,38.39373163565132,6.758080313418217,NoFilter,SMOTESampling,SensitiveLearning,RandomForest,63.0,56.0,9.0,6.0,0.5294117647058824,0.9130434782608695,0.7612040133779264,0.052679589509692024
BOOKKEEPER,5,86.87561214495592,38.39373163565132,6.758080313418217,NoFilter,SMOTESampling,SensitiveLearning,NaiveBayes,42.0,7.0,58.0,27.0,0.8571428571428571,0.6086956521739131,0.8258639910813824,0.4965745856353593
BOOKKEEPER,5,86.87561214495592,38.39373163565132,6.758080313418217,NoFilter,SMOTESampling,SensitiveLearning,IBk,45.0,29.0,36.0,24.0,0.6081081081081081,0.6521739130434783,0.6086956521739131,0.2064804469273743
BOOKKEEPER,5,86.87561214495592,38.39373163565132,6.758080313418217,BestFirstFilter,NoSampling,NoCostSensitive,RandomForest,44.0,17.0,48.0,25.0,0.7213114754098361,0.6376811594202898,0.80958751393534,0.374805598755832
BOOKKEEPER,5,86.87561214495592,38.39373163565132,6.758080313418217,BestFirstFilter,NoSampling,NoCostSensitive,NaiveBayes,63.0,57.0,8.0,6.0,0.525,0.9130434782608695,0.8056856187290969,0.03696098562628332
BOOKKEEPER,5,86.87561214495592,38.39373163565132,6.758080313418217,BestFirstFilter,NoSampling,NoCostSensitive,IBk,49.0,17.0,48.0,20.0,0.7424242424242424,0.7101449275362319,0.7814938684503902,0.4480071253618348
BOOKKEEPER,5,86.87561214495592,38.39373163565132,6.758080313418217,BestFirstFilter,NoSampling,SensitiveThreshold,RandomForest,63.0,31.0,34.0,6.0,0.6702127659574468,0.9130434782608695,0.7180602006688963,0.4410372040586245
BOOKKEEPER,5,86.87561214495592,38.39373163565132,6.758080313418217,BestFirstFilter,NoSampling,SensitiveThreshold,NaiveBayes,66.0,62.0,3.0,3.0,0.515625,0.9565217391304348,0.5013377926421405,0.0027478818410808722
BOOKKEEPER,5,86.87561214495592,38.39373163565132,6.758080313418217,BestFirstFilter,NoSampling,SensitiveThreshold,IBk,53.0,19.0,46.0,16.0,0.7361111111111112,0.7681159420289855,0.7379041248606466,0.47644563518642563
BOOKKEEPER,5,86.87561214495592,38.39373163565132,6.758080313418217,BestFirstFilter,NoSampling,SensitiveLearning,RandomForest,63.0,32.0,33.0,6.0,0.6631578947368421,0.9130434782608695,0.7958751393534003,0.42567110309045786
BOOKKEEPER,5,86.87561214495592,38.39373163565132,6.758080313418217,BestFirstFilter,NoSampling,SensitiveLearning,NaiveBayes,66.0,62.0,3.0,3.0,0.515625,0.9565217391304348,0.8056856187290969,0.0027478818410808722
BOOKKEEPER,5,86.87561214495592,38.39373163565132,6.758080313418217,BestFirstFilter,NoSampling,SensitiveLearning,IBk,53.0,19.0,46.0,16.0,0.7361111111111112,0.7681159420289855,0.7816053511705685,0.47644563518642563
BOOKKEEPER,5,86.87561214495592,38.39373163565132,6.758080313418217,BestFirstFilter,UnderSampling,NoCostSensitive,RandomForest,26.0,8.0,57.0,43.0,0.7647058823529411,0.37681159420289856,0.6924191750278706,0.24983534577387484
BOOKKEEPER,5,86.87561214495592,38.39373163565132,6.758080313418217,BestFirstFilter,UnderSampling,NoCostSensitive,NaiveBayes,56.0,40.0,25.0,13.0,0.5833333333333334,0.8115942028985508,0.6114827201783724,0.19860076732114634
BOOKKEEPER,5,86.87561214495592,38.39373163565132,6.758080313418217,BestFirstFilter,UnderSampling,NoCostSensitive,IBk,46.0,26.0,39.0,23.0,0.6388888888888888,0.6666666666666666,0.6333333333333333,0.2670238892609959
BOOKKEEPER,5,86.87561214495592,38.39373163565132,6.758080313418217,BestFirstFilter,UnderSampling,SensitiveThreshold,RandomForest,62.0,45.0,20.0,7.0,0.5794392523364486,0.8985507246376812,0.6031215161649944,0.20979814016783846
BOOKKEEPER,5,86.87561214495592,38.39373163565132,6.758080313418217,BestFirstFilter,UnderSampling,SensitiveThreshold,NaiveBayes,56.0,40.0,25.0,13.0,0.5833333333333334,0.8115942028985508,0.5981047937569677,0.19860076732114634
BOOKKEEPER,5,86.87561214495592,38.39373163565132,6.758080313418217,BestFirstFilter,UnderSampling,SensitiveThreshold,IBk,69.0,65.0,0.0,0.0,0.5149253731343284,1.0,0.5,0.0
BOOKKEEPER,5,86.87561214495592,38.39373163565132,6.758080313418217,BestFirstFilter,UnderSampling,SensitiveLearning,RandomForest,23.0,27.0,38.0,46.0,0.46,0.3333333333333333,0.48372352285395764,-0.08136192792394432
BOOKKEEPER,5,86.87561214495592,38.39373163565132,6.758080313418217,BestFirstFilter,UnderSampling,SensitiveLearning,NaiveBayes,34.0,32.0,33.0,35.0,0.5151515151515151,0.4927536231884058,0.4653288740245262,4.4533511467379833E-4
BOOKKEEPER,5,86.87561214495592,38.39373163565132,6.758080313418217,BestFirstFilter,UnderSampling,SensitiveLearning,IBk,50.0,51.0,14.0,19.0,0.49504950495049505,0.7246376811594203,0.47001114827201784,-0.06084596245193396
BOOKKEEPER,5,86.87561214495592,38.39373163565132,6.758080313418217,BestFirstFilter,OverSampling,NoCostSensitive,RandomForest,44.0,17.0,48.0,25.0,0.7213114754098361,0.6376811594202898,0.7695652173913043,0.374805598755832
BOOKKEEPER,5,86.87561214495592,38.39373163565132,6.758080313418217,BestFirstFilter,OverSampling,NoCostSensitive,NaiveBayes,64.0,57.0,8.0,5.0,0.5289256198347108,0.927536231884058,0.8245261984392419,0.051814654188541524
BOOKKEEPER,5,86.87561214495592,38.39373163565132,6.758080313418217,BestFirstFilter,OverSampling,NoCostSensitive,IBk,43.0,19.0,46.0,26.0,0.6935483870967742,0.6231884057971014,0.8093645484949833,0.3298510780173373
BOOKKEEPER,5,86.87561214495592,38.39373163565132,6.758080313418217,BestFirstFilter,OverSampling,SensitiveThreshold,RandomForest,57.0,31.0,34.0,12.0,0.6477272727272727,0.8260869565217391,0.6745819397993311,0.35214751517877213
BOOKKEEPER,5,86.87561214495592,38.39373163565132,6.758080313418217,BestFirstFilter,OverSampling,SensitiveThreshold,NaiveBayes,66.0,62.0,3.0,3.0,0.515625,0.9565217391304348,0.5013377926421405,0.0027478818410808722
BOOKKEEPER,5,86.87561214495592,38.39373163565132,6.758080313418217,BestFirstFilter,OverSampling,SensitiveThreshold,IBk,48.0,19.0,46.0,21.0,0.7164179104477612,0.6956521739130435,0.7016722408026755,0.4029850746268657
BOOKKEEPER,5,86.87561214495592,38.39373163565132,6.758080313418217,BestFirstFilter,OverSampling,SensitiveLearning,RandomForest,52.0,28.0,37.0,17.0,0.65,0.7536231884057971,0.6513935340022297,0.32444544028680267
BOOKKEEPER,5,86.87561214495592,38.39373163565132,6.758080313418217,BestFirstFilter,OverSampling,SensitiveLearning,NaiveBayes,63.0,35.0,30.0,6.0,0.6428571428571429,0.9130434782608695,0.7846153846153846,0.379489496272871
BOOKKEEPER,5,86.87561214495592,38.39373163565132,6.758080313418217,BestFirstFilter,OverSampling,SensitiveLearning,IBk,51.0,25.0,40.0,18.0,0.6710526315789473,0.7391304347826086,0.6945373467112598,0.3556251397897562
BOOKKEEPER,5,86.87561214495592,38.39373163565132,6.758080313418217,BestFirstFilter,SMOTESampling,NoCostSensitive,RandomForest,48.0,15.0,50.0,21.0,0.7619047619047619,0.6956521739130435,0.8151616499442587,0.4636424282855237
BOOKKEEPER,5,86.87561214495592,38.39373163565132,6.758080313418217,BestFirstFilter,SMOTESampling,NoCostSensitive,NaiveBayes,63.0,57.0,8.0,6.0,0.525,0.9130434782608695,0.7727982162764772,0.03696098562628332
BOOKKEEPER,5,86.87561214495592,38.39373163565132,6.758080313418217,BestFirstFilter,SMOTESampling,NoCostSensitive,IBk,49.0,17.0,48.0,20.0,0.7424242424242424,0.7101449275362319,0.7823857302118171,0.4480071253618348
BOOKKEEPER,5,86.87561214495592,38.39373163565132,6.758080313418217,BestFirstFilter,SMOTESampling,SensitiveThreshold,RandomForest,63.0,38.0,27.0,6.0,0.6237623762376238,0.9130434782608695,0.6642140468227424,0.3331825378873559
BOOKKEEPER,5,86.87561214495592,38.39373163565132,6.758080313418217,BestFirstFilter,SMOTESampling,SensitiveThreshold,NaiveBayes,66.0,62.0,3.0,3.0,0.515625,0.9565217391304348,0.5013377926421405,0.0027478818410808722
BOOKKEEPER,5,86.87561214495592,38.39373163565132,6.758080313418217,BestFirstFilter,SMOTESampling,SensitiveThreshold,IBk,53.0,19.0,46.0,16.0,0.7361111111111112,0.7681159420289855,0.7379041248606466,0.47644563518642563
BOOKKEEPER,5,86.87561214495592,38.39373163565132,6.758080313418217,BestFirstFilter,SMOTESampling,SensitiveLearning,RandomForest,62.0,28.0,37.0,7.0,0.6888888888888889,0.8985507246376812,0.7311036789297659,0.4722034661264911
BOOKKEEPER,5,86.87561214495592,38.39373163565132,6.758080313418217,BestFirstFilter,SMOTESampling,SensitiveLearning,NaiveBayes,64.0,57.0,8.0,5.0,0.5289256198347108,0.927536231884058,0.7934225195094761,0.051814654188541524
BOOKKEEPER,5,86.87561214495592,38.39373163565132,6.758080313418217,BestFirstFilter,SMOTESampling,SensitiveLearning,IBk,56.0,29.0,36.0,13.0,0.6588235294117647,0.8115942028985508,0.6753623188405797,0.3680664720413205
